SPID,GeoID,PID,SaleDate,Amount,Customers,Boxes,Product,Category,Size,Cost_per_box
SP01,G4,P04,1/1/2021,8414,276,495,Raspberry Choco,Bars,LARGE,4.09
SP02,G3,P14,1/1/2021,532,317,54,White Choc,Other,SMALL,0.16
SP12,G2,P08,1/1/2021,5376,178,269,99% Dark & Pure,Bars,LARGE,2.47
SP01,G4,P15,1/1/2021,259,32,22,Baker's Choco Chips,Bars,SMALL,3.4
SP19,G2,P18,1/1/2021,5530,4,179,Manuka Honey Choco,Other,SMALL,4.75
SP17,G1,P13,1/1/2021,2184,63,122,85% Dark Bars,Bars,SMALL,0.64
SP20,G6,P04,1/1/2021,1057,295,71,Raspberry Choco,Bars,LARGE,4.09
SP14,G5,P16,1/1/2021,1036,370,37,Organic Choco Syrup,Other,SMALL,1.47
SP10,G5,P17,1/1/2021,4039,536,176,Caramel Stuffed Bars,Bars,SMALL,0.54
SP06,G4,P01,1/1/2021,12894,115,478,Milk Bars,Bars,LARGE,1.52
SP18,G2,P01,1/1/2021,4669,121,180,Milk Bars,Bars,LARGE,1.52
SP04,G4,P16,1/1/2021,6377,184,246,Organic Choco Syrup,Other,SMALL,1.47
SP22,G3,P05,1/1/2021,4599,106,256,Mint Chip Choco,Bars,LARGE,1.54
SP22,G2,P09,1/1/2021,2751,228,251,Orange Choco,Bars,LARGE,7.14
SP10,G1,P06,1/1/2021,15596,32,975,Eclairs,Bites,LARGE,2.24
SP06,G1,P11,1/1/2021,8561,111,330,After Nines,Bites,LARGE,4.43
SP25,G6,P05,1/1/2021,14273,335,752,Mint Chip Choco,Bars,LARGE,1.54
SP02,G4,P13,1/1/2021,2506,99,148,85% Dark Bars,Bars,SMALL,0.64
SP19,G3,P10,1/1/2021,2387,134,89,Spicy Special Slims,Bites,LARGE,5.79
SP09,G2,P07,1/1/2021,7553,67,280,Drinking Coco,Other,LARGE,1.62
SP22,G4,P22,1/1/2021,3409,93,171,Peanut Butter Cubes,Bites,SMALL,3.57
SP15,G2,P22,1/1/2021,3878,24,216,Peanut Butter Cubes,Bites,SMALL,3.57
SP12,G2,P04,1/1/2021,3052,76,204,Raspberry Choco,Bars,LARGE,4.09
SP18,G2,P21,1/4/2021,19229,64,1013,Choco Coated Almonds,Bites,SMALL,6.17
SP15,G6,P21,1/4/2021,1988,179,95,Choco Coated Almonds,Bites,SMALL,6.17
SP12,G6,P09,1/4/2021,147,9,11,Orange Choco,Bars,LARGE,7.14
SP20,G6,P12,1/4/2021,2401,407,134,Fruit & Nut Bars,Bars,LARGE,1.58
SP11,G2,P17,1/4/2021,2814,296,94,Caramel Stuffed Bars,Bars,SMALL,0.54
SP06,G6,P17,1/4/2021,5390,61,216,Caramel Stuffed Bars,Bars,SMALL,0.54
SP23,G3,P02,1/4/2021,3920,16,262,50% Dark Bites,Bites,LARGE,2.57
SP19,G3,P19,1/4/2021,7539,502,943,70% Dark Bites,Bites,SMALL,4.97
SP23,G1,P16,1/5/2021,17248,163,664,Organic Choco Syrup,Other,SMALL,1.47
SP18,G6,P03,1/5/2021,1176,152,66,Almond Choco,Bars,LARGE,9.6
SP17,G5,P13,1/5/2021,9730,361,573,85% Dark Bars,Bars,SMALL,0.64
SP16,G4,P13,1/5/2021,2226,129,140,85% Dark Bars,Bars,SMALL,0.64
SP18,G6,P12,1/5/2021,7063,250,643,Fruit & Nut Bars,Bars,LARGE,1.58
SP07,G4,P11,1/5/2021,7399,420,275,After Nines,Bites,LARGE,4.43
SP04,G2,P09,1/5/2021,4284,230,306,Orange Choco,Bars,LARGE,7.14
SP07,G4,P04,1/5/2021,4865,168,271,Raspberry Choco,Bars,LARGE,4.09
SP06,G4,P19,1/5/2021,3780,111,315,70% Dark Bites,Bites,SMALL,4.97
SP13,G1,P09,1/5/2021,3059,484,279,Orange Choco,Bars,LARGE,7.14
SP11,G6,P11,1/5/2021,6622,57,276,After Nines,Bites,LARGE,4.43
SP04,G1,P20,1/6/2021,644,116,34,Smooth Sliky Salty,Bars,SMALL,2.97
SP08,G1,P11,1/6/2021,4935,87,171,After Nines,Bites,LARGE,4.43
SP13,G6,P22,1/6/2021,7182,29,378,Peanut Butter Cubes,Bites,SMALL,3.57
SP09,G5,P09,1/6/2021,539,10,77,Orange Choco,Bars,LARGE,7.14
SP20,G6,P19,1/6/2021,637,79,91,70% Dark Bites,Bites,SMALL,4.97
SP07,G2,P15,1/6/2021,1470,57,184,Baker's Choco Chips,Bars,SMALL,3.4
SP10,G2,P13,1/6/2021,1442,108,61,85% Dark Bars,Bars,SMALL,0.64
SP11,G2,P20,1/6/2021,9023,224,564,Smooth Sliky Salty,Bars,SMALL,2.97
SP03,G6,P01,1/6/2021,2709,27,101,Milk Bars,Bars,LARGE,1.52
SP19,G3,P21,1/7/2021,5733,193,338,Choco Coated Almonds,Bites,SMALL,6.17
SP05,G3,P02,1/7/2021,10451,155,1307,50% Dark Bites,Bites,LARGE,2.57
SP18,G1,P18,1/7/2021,11228,236,388,Manuka Honey Choco,Other,SMALL,4.75
SP15,G6,P17,1/7/2021,3073,137,129,Caramel Stuffed Bars,Bars,SMALL,0.54
SP09,G5,P13,1/7/2021,5467,109,288,85% Dark Bars,Bars,SMALL,0.64
SP08,G2,P20,1/7/2021,4067,272,226,Smooth Sliky Salty,Bars,SMALL,2.97
SP02,G1,P05,1/8/2021,2814,69,149,Mint Chip Choco,Bars,LARGE,1.54
SP24,G4,P17,1/8/2021,2716,299,105,Caramel Stuffed Bars,Bars,SMALL,0.54
SP22,G5,P09,1/8/2021,3570,61,325,Orange Choco,Bars,LARGE,7.14
SP12,G1,P13,1/8/2021,9562,123,479,85% Dark Bars,Bars,SMALL,0.64
SP17,G4,P22,1/8/2021,2373,2,104,Peanut Butter Cubes,Bites,SMALL,3.57
SP08,G1,P17,1/8/2021,2807,236,123,Caramel Stuffed Bars,Bars,SMALL,0.54
SP10,G2,P01,1/8/2021,420,196,14,Milk Bars,Bars,LARGE,1.52
SP06,G2,P04,1/8/2021,8239,157,515,Raspberry Choco,Bars,LARGE,4.09
SP05,G4,P02,1/8/2021,6797,114,486,50% Dark Bites,Bites,LARGE,2.57
SP22,G4,P13,1/8/2021,6048,56,319,85% Dark Bars,Bars,SMALL,0.64
SP05,G5,P04,1/8/2021,364,14,21,Raspberry Choco,Bars,LARGE,4.09
SP19,G5,P14,1/8/2021,6496,15,406,White Choc,Other,SMALL,0.16
SP24,G2,P09,1/8/2021,1057,45,106,Orange Choco,Bars,LARGE,7.14
SP08,G6,P04,1/8/2021,357,185,17,Raspberry Choco,Bars,LARGE,4.09
SP08,G5,P07,1/8/2021,6419,359,257,Drinking Coco,Other,LARGE,1.62
SP08,G3,P10,1/8/2021,12726,179,579,Spicy Special Slims,Bites,LARGE,5.79
SP16,G2,P13,1/11/2021,6006,109,376,85% Dark Bars,Bars,SMALL,0.64
SP15,G6,P08,1/11/2021,5124,33,285,99% Dark & Pure,Bars,LARGE,2.47
SP23,G4,P01,1/11/2021,2709,188,113,Milk Bars,Bars,LARGE,1.52
SP01,G5,P01,1/11/2021,7238,67,315,Milk Bars,Bars,LARGE,1.52
SP06,G1,P14,1/12/2021,6776,68,424,White Choc,Other,SMALL,0.16
SP11,G6,P01,1/12/2021,189,123,8,Milk Bars,Bars,LARGE,1.52
SP08,G2,P12,1/12/2021,4669,217,390,Fruit & Nut Bars,Bars,LARGE,1.58
SP01,G3,P19,1/12/2021,490,188,35,70% Dark Bites,Bites,SMALL,4.97
SP08,G5,P19,1/12/2021,4235,76,283,70% Dark Bites,Bites,SMALL,4.97
SP13,G2,P07,1/12/2021,4487,161,187,Drinking Coco,Other,LARGE,1.62
SP02,G3,P15,1/12/2021,2653,147,332,Baker's Choco Chips,Bars,SMALL,3.4
SP04,G4,P10,1/12/2021,5306,5,253,Spicy Special Slims,Bites,LARGE,5.79
SP16,G2,P02,1/12/2021,6888,112,689,50% Dark Bites,Bites,LARGE,2.57
SP08,G4,P16,1/12/2021,721,45,24,Organic Choco Syrup,Other,SMALL,1.47
SP14,G1,P10,1/12/2021,8610,124,345,Spicy Special Slims,Bites,LARGE,5.79
SP10,G2,P12,1/12/2021,11739,22,903,Fruit & Nut Bars,Bars,LARGE,1.58
SP16,G1,P09,1/13/2021,4774,206,341,Orange Choco,Bars,LARGE,7.14
SP10,G3,P02,1/13/2021,6307,123,789,50% Dark Bites,Bites,LARGE,2.57
SP21,G3,P08,1/13/2021,4340,168,217,99% Dark & Pure,Bars,LARGE,2.47
SP09,G1,P19,1/13/2021,1078,76,77,70% Dark Bites,Bites,SMALL,4.97
SP13,G6,P03,1/13/2021,5418,287,247,Almond Choco,Bars,LARGE,9.6
SP03,G2,P21,1/13/2021,6069,268,434,Choco Coated Almonds,Bites,SMALL,6.17
SP15,G2,P21,1/13/2021,12334,119,686,Choco Coated Almonds,Bites,SMALL,6.17
SP08,G6,P07,1/13/2021,728,234,32,Drinking Coco,Other,LARGE,1.62
SP21,G1,P15,1/13/2021,2135,179,165,Baker's Choco Chips,Bars,SMALL,3.4
SP07,G4,P13,1/13/2021,2121,130,89,85% Dark Bars,Bars,SMALL,0.64
SP12,G6,P01,1/14/2021,6881,10,222,Milk Bars,Bars,LARGE,1.52
SP24,G4,P07,1/14/2021,1239,97,50,Drinking Coco,Other,LARGE,1.62
SP16,G5,P05,1/14/2021,3598,365,257,Mint Chip Choco,Bars,LARGE,1.54
SP18,G3,P20,1/14/2021,6580,210,347,Smooth Sliky Salty,Bars,SMALL,2.97
SP08,G6,P10,1/14/2021,1127,97,54,Spicy Special Slims,Bites,LARGE,5.79
SP22,G1,P22,1/14/2021,3605,345,139,Peanut Butter Cubes,Bites,SMALL,3.57
SP09,G4,P11,1/14/2021,5096,201,196,After Nines,Bites,LARGE,4.43
SP25,G2,P08,1/14/2021,2135,183,98,99% Dark & Pure,Bars,LARGE,2.47
SP13,G2,P04,1/14/2021,35,142,3,Raspberry Choco,Bars,LARGE,4.09
SP11,G1,P19,1/14/2021,13090,17,935,70% Dark Bites,Bites,SMALL,4.97
SP05,G6,P20,1/14/2021,15785,209,1128,Smooth Sliky Salty,Bars,SMALL,2.97
SP20,G5,P12,1/14/2021,14574,86,810,Fruit & Nut Bars,Bars,LARGE,1.58
SP11,G4,P17,1/14/2021,3556,195,143,Caramel Stuffed Bars,Bars,SMALL,0.54
SP02,G2,P12,1/14/2021,14532,142,969,Fruit & Nut Bars,Bars,LARGE,1.58
SP23,G4,P17,1/14/2021,4445,340,159,Caramel Stuffed Bars,Bars,SMALL,0.54
SP17,G2,P01,1/14/2021,10339,207,357,Milk Bars,Bars,LARGE,1.52
SP03,G4,P11,1/14/2021,1351,282,55,After Nines,Bites,LARGE,4.43
SP02,G4,P15,1/14/2021,4011,260,335,Baker's Choco Chips,Bars,SMALL,3.4
SP17,G6,P12,1/14/2021,5306,333,483,Fruit & Nut Bars,Bars,LARGE,1.58
SP24,G2,P11,1/14/2021,18704,78,585,After Nines,Bites,LARGE,4.43
SP21,G3,P20,1/14/2021,9310,62,582,Smooth Sliky Salty,Bars,SMALL,2.97
SP04,G4,P06,1/14/2021,1211,37,61,Eclairs,Bites,LARGE,2.24
SP09,G3,P04,1/15/2021,3094,317,148,Raspberry Choco,Bars,LARGE,4.09
SP17,G4,P04,1/15/2021,4949,244,248,Raspberry Choco,Bars,LARGE,4.09
SP06,G4,P08,1/15/2021,308,91,19,99% Dark & Pure,Bars,LARGE,2.47
SP11,G1,P17,1/15/2021,7546,49,329,Caramel Stuffed Bars,Bars,SMALL,0.54
SP12,G2,P13,1/15/2021,6713,422,373,85% Dark Bars,Bars,SMALL,0.64
SP14,G4,P17,1/15/2021,6895,318,300,Caramel Stuffed Bars,Bars,SMALL,0.54
SP02,G4,P05,1/15/2021,3430,120,202,Mint Chip Choco,Bars,LARGE,1.54
SP21,G4,P14,1/18/2021,4165,61,348,White Choc,Other,SMALL,0.16
SP25,G1,P03,1/18/2021,2380,209,159,Almond Choco,Bars,LARGE,9.6
SP03,G6,P14,1/18/2021,6594,114,413,White Choc,Other,SMALL,0.16
SP04,G5,P04,1/18/2021,1428,55,76,Raspberry Choco,Bars,LARGE,4.09
SP19,G5,P07,1/18/2021,2646,150,116,Drinking Coco,Other,LARGE,1.62
SP10,G1,P01,1/18/2021,238,364,11,Milk Bars,Bars,LARGE,1.52
SP24,G5,P04,1/18/2021,945,298,50,Raspberry Choco,Bars,LARGE,4.09
SP11,G6,P10,1/18/2021,9436,102,337,Spicy Special Slims,Bites,LARGE,5.79
SP17,G2,P10,1/18/2021,4081,116,152,Spicy Special Slims,Bites,LARGE,5.79
SP04,G2,P08,1/18/2021,10556,25,587,99% Dark & Pure,Bars,LARGE,2.47
SP01,G2,P14,1/18/2021,2331,38,167,White Choc,Other,SMALL,0.16
SP11,G3,P16,1/19/2021,896,346,32,Organic Choco Syrup,Other,SMALL,1.47
SP20,G1,P18,1/19/2021,4214,314,169,Manuka Honey Choco,Other,SMALL,4.75
SP20,G3,P09,1/19/2021,2121,90,177,Orange Choco,Bars,LARGE,7.14
SP23,G1,P13,1/19/2021,1029,386,47,85% Dark Bars,Bars,SMALL,0.64
SP08,G1,P05,1/19/2021,15407,103,771,Mint Chip Choco,Bars,LARGE,1.54
SP03,G4,P17,1/19/2021,10129,134,406,Caramel Stuffed Bars,Bars,SMALL,0.54
SP13,G2,P20,1/19/2021,16380,203,1092,Smooth Sliky Salty,Bars,SMALL,2.97
SP24,G1,P14,1/19/2021,3899,102,279,White Choc,Other,SMALL,0.16
SP05,G3,P10,1/19/2021,12075,264,432,Spicy Special Slims,Bites,LARGE,5.79
SP11,G2,P18,1/19/2021,10696,115,428,Manuka Honey Choco,Other,SMALL,4.75
SP19,G2,P03,1/19/2021,4039,436,238,Almond Choco,Bars,LARGE,9.6
SP18,G1,P22,1/19/2021,5250,410,202,Peanut Butter Cubes,Bites,SMALL,3.57
SP21,G1,P08,1/19/2021,8113,25,508,99% Dark & Pure,Bars,LARGE,2.47
SP08,G6,P06,1/19/2021,161,95,10,Eclairs,Bites,LARGE,2.24
SP07,G6,P10,1/19/2021,8218,205,294,Spicy Special Slims,Bites,LARGE,5.79
SP06,G5,P15,1/19/2021,742,80,53,Baker's Choco Chips,Bars,SMALL,3.4
SP03,G2,P11,1/19/2021,3087,193,111,After Nines,Bites,LARGE,4.43
SP08,G1,P18,1/19/2021,5110,131,155,Manuka Honey Choco,Other,SMALL,4.75
SP04,G4,P04,1/19/2021,5873,164,267,Raspberry Choco,Bars,LARGE,4.09
SP11,G6,P05,1/19/2021,4641,301,357,Mint Chip Choco,Bars,LARGE,1.54
SP04,G4,P22,1/20/2021,1155,34,45,Peanut Butter Cubes,Bites,SMALL,3.57
SP10,G6,P02,1/20/2021,784,247,49,50% Dark Bites,Bites,LARGE,2.57
SP25,G4,P05,1/20/2021,5369,16,384,Mint Chip Choco,Bars,LARGE,1.54
SP10,G3,P06,1/20/2021,343,338,18,Eclairs,Bites,LARGE,2.24
SP10,G6,P19,1/20/2021,7007,38,584,70% Dark Bites,Bites,SMALL,4.97
SP15,G1,P15,1/20/2021,126,127,13,Baker's Choco Chips,Bars,SMALL,3.4
SP16,G1,P08,1/20/2021,3073,57,134,99% Dark & Pure,Bars,LARGE,2.47
SP19,G4,P21,1/21/2021,7805,86,488,Choco Coated Almonds,Bites,SMALL,6.17
SP09,G6,P11,1/21/2021,3087,14,124,After Nines,Bites,LARGE,4.43
SP13,G4,P21,1/21/2021,9030,85,452,Choco Coated Almonds,Bites,SMALL,6.17
SP04,G2,P20,1/21/2021,7805,6,411,Smooth Sliky Salty,Bars,SMALL,2.97
SP18,G1,P11,1/21/2021,6979,38,233,After Nines,Bites,LARGE,4.43
SP19,G1,P07,1/21/2021,11284,39,513,Drinking Coco,Other,LARGE,1.62
SP17,G5,P01,1/21/2021,2408,106,90,Milk Bars,Bars,LARGE,1.52
SP03,G6,P02,1/21/2021,5299,86,332,50% Dark Bites,Bites,LARGE,2.57
SP10,G6,P16,1/21/2021,6293,158,234,Organic Choco Syrup,Other,SMALL,1.47
SP08,G5,P03,1/21/2021,280,408,17,Almond Choco,Bars,LARGE,9.6
SP05,G1,P13,1/21/2021,644,483,30,85% Dark Bars,Bars,SMALL,0.64
SP07,G5,P21,1/21/2021,2191,65,110,Choco Coated Almonds,Bites,SMALL,6.17
SP16,G4,P21,1/21/2021,427,267,26,Choco Coated Almonds,Bites,SMALL,6.17
SP14,G3,P20,1/21/2021,5537,346,426,Smooth Sliky Salty,Bars,SMALL,2.97
SP18,G5,P08,1/21/2021,742,264,31,99% Dark & Pure,Bars,LARGE,2.47
SP23,G3,P13,1/21/2021,4200,457,248,85% Dark Bars,Bars,SMALL,0.64
SP08,G6,P15,1/21/2021,5299,203,442,Baker's Choco Chips,Bars,SMALL,3.4
SP08,G2,P17,1/21/2021,3829,286,160,Caramel Stuffed Bars,Bars,SMALL,0.54
SP20,G4,P18,1/21/2021,5747,70,192,Manuka Honey Choco,Other,SMALL,4.75
SP06,G4,P13,1/21/2021,2345,199,147,85% Dark Bars,Bars,SMALL,0.64
SP12,G4,P09,1/22/2021,4312,181,616,Orange Choco,Bars,LARGE,7.14
SP25,G4,P13,1/22/2021,1358,68,68,85% Dark Bars,Bars,SMALL,0.64
SP01,G2,P09,1/22/2021,13146,85,1644,Orange Choco,Bars,LARGE,7.14
SP05,G5,P14,1/22/2021,12047,295,927,White Choc,Other,SMALL,0.16
SP08,G3,P20,1/22/2021,5971,44,460,Smooth Sliky Salty,Bars,SMALL,2.97
SP16,G4,P02,1/22/2021,3038,280,254,50% Dark Bites,Bites,LARGE,2.57
SP20,G6,P16,1/22/2021,8022,167,268,Organic Choco Syrup,Other,SMALL,1.47
SP16,G3,P15,1/22/2021,2226,1,248,Baker's Choco Chips,Bars,SMALL,3.4
SP10,G3,P17,1/22/2021,2366,470,79,Caramel Stuffed Bars,Bars,SMALL,0.54
SP24,G5,P02,1/22/2021,8386,194,599,50% Dark Bites,Bites,LARGE,2.57
SP03,G3,P16,1/22/2021,13230,261,576,Organic Choco Syrup,Other,SMALL,1.47
SP17,G6,P03,1/22/2021,1771,151,111,Almond Choco,Bars,LARGE,9.6
SP13,G6,P04,1/22/2021,3416,458,228,Raspberry Choco,Bars,LARGE,4.09
SP17,G6,P13,1/22/2021,15197,11,634,85% Dark Bars,Bars,SMALL,0.64
SP08,G4,P15,1/22/2021,5971,59,498,Baker's Choco Chips,Bars,SMALL,3.4
SP02,G6,P09,1/22/2021,13335,227,1667,Orange Choco,Bars,LARGE,7.14
SP23,G3,P21,1/22/2021,4613,54,210,Choco Coated Almonds,Bites,SMALL,6.17
SP12,G1,P12,1/22/2021,10430,110,580,Fruit & Nut Bars,Bars,LARGE,1.58
SP20,G2,P03,1/22/2021,168,94,10,Almond Choco,Bars,LARGE,9.6
SP25,G6,P08,1/22/2021,4606,256,192,99% Dark & Pure,Bars,LARGE,2.47
SP11,G6,P14,1/22/2021,1491,193,136,White Choc,Other,SMALL,0.16
SP02,G1,P08,1/25/2021,12194,302,509,99% Dark & Pure,Bars,LARGE,2.47
SP12,G6,P04,1/25/2021,10122,206,533,Raspberry Choco,Bars,LARGE,4.09
SP09,G5,P08,1/25/2021,1841,164,88,99% Dark & Pure,Bars,LARGE,2.47
SP16,G6,P09,1/25/2021,6958,337,580,Orange Choco,Bars,LARGE,7.14
SP07,G1,P08,1/25/2021,749,323,35,99% Dark & Pure,Bars,LARGE,2.47
SP16,G6,P04,1/25/2021,3507,48,195,Raspberry Choco,Bars,LARGE,4.09
SP17,G4,P15,1/25/2021,7294,122,562,Baker's Choco Chips,Bars,SMALL,3.4
SP10,G1,P12,1/25/2021,5040,219,420,Fruit & Nut Bars,Bars,LARGE,1.58
SP10,G1,P16,1/25/2021,3913,257,157,Organic Choco Syrup,Other,SMALL,1.47
SP09,G2,P02,1/25/2021,3598,101,300,50% Dark Bites,Bites,LARGE,2.57
SP19,G2,P10,1/25/2021,8911,302,319,Spicy Special Slims,Bites,LARGE,5.79
SP08,G4,P22,1/25/2021,42,35,2,Peanut Butter Cubes,Bites,SMALL,3.57
SP13,G1,P21,1/25/2021,2282,222,109,Choco Coated Almonds,Bites,SMALL,6.17
SP23,G3,P08,1/25/2021,12964,242,541,99% Dark & Pure,Bars,LARGE,2.47
SP09,G3,P20,1/25/2021,5775,219,361,Smooth Sliky Salty,Bars,SMALL,2.97
SP16,G4,P10,1/25/2021,10787,100,400,Spicy Special Slims,Bites,LARGE,5.79
SP20,G5,P21,1/25/2021,6342,115,374,Choco Coated Almonds,Bites,SMALL,6.17
SP14,G1,P22,1/25/2021,11564,46,463,Peanut Butter Cubes,Bites,SMALL,3.57
SP03,G2,P04,1/25/2021,2793,37,156,Raspberry Choco,Bars,LARGE,4.09
SP18,G3,P19,1/25/2021,1603,81,134,70% Dark Bites,Bites,SMALL,4.97
SP06,G5,P03,1/25/2021,3052,357,180,Almond Choco,Bars,LARGE,9.6
SP12,G3,P21,1/25/2021,1659,82,83,Choco Coated Almonds,Bites,SMALL,6.17
SP01,G4,P05,1/25/2021,3143,82,210,Mint Chip Choco,Bars,LARGE,1.54
SP02,G2,P21,1/25/2021,12782,212,609,Choco Coated Almonds,Bites,SMALL,6.17
SP21,G4,P19,1/25/2021,343,313,32,70% Dark Bites,Bites,SMALL,4.97
SP10,G4,P14,1/25/2021,1785,216,138,White Choc,Other,SMALL,0.16
SP10,G3,P09,1/25/2021,4914,46,615,Orange Choco,Bars,LARGE,7.14
SP18,G6,P14,1/26/2021,1869,242,208,White Choc,Other,SMALL,0.16
SP04,G1,P10,1/26/2021,8512,173,387,Spicy Special Slims,Bites,LARGE,5.79
SP23,G6,P09,1/26/2021,9296,1,716,Orange Choco,Bars,LARGE,7.14
SP20,G5,P07,1/26/2021,6034,229,263,Drinking Coco,Other,LARGE,1.62
SP22,G1,P11,1/26/2021,9471,166,365,After Nines,Bites,LARGE,4.43
SP15,G1,P22,1/26/2021,3815,146,166,Peanut Butter Cubes,Bites,SMALL,3.57
SP01,G4,P06,1/26/2021,9485,140,527,Eclairs,Bites,LARGE,2.24
SP16,G2,P16,1/26/2021,3549,78,132,Organic Choco Syrup,Other,SMALL,1.47
SP04,G6,P09,1/26/2021,1512,61,117,Orange Choco,Bars,LARGE,7.14
SP13,G3,P16,1/26/2021,2296,113,96,Organic Choco Syrup,Other,SMALL,1.47
SP11,G1,P01,1/27/2021,17402,43,697,Milk Bars,Bars,LARGE,1.52
SP15,G6,P12,1/27/2021,11816,160,844,Fruit & Nut Bars,Bars,LARGE,1.58
SP17,G4,P16,1/27/2021,10612,232,425,Organic Choco Syrup,Other,SMALL,1.47
SP01,G2,P01,1/27/2021,5558,263,192,Milk Bars,Bars,LARGE,1.52
SP21,G6,P04,1/27/2021,14056,148,781,Raspberry Choco,Bars,LARGE,4.09
SP09,G2,P16,1/27/2021,5131,171,166,Organic Choco Syrup,Other,SMALL,1.47
SP16,G2,P08,1/27/2021,1477,352,87,99% Dark & Pure,Bars,LARGE,2.47
SP06,G5,P04,1/27/2021,7686,72,549,Raspberry Choco,Bars,LARGE,4.09
SP23,G6,P13,1/27/2021,8722,35,460,85% Dark Bars,Bars,SMALL,0.64
SP08,G6,P16,1/27/2021,6370,35,206,Organic Choco Syrup,Other,SMALL,1.47
SP03,G6,P13,1/27/2021,4074,208,240,85% Dark Bars,Bars,SMALL,0.64
SP24,G4,P11,1/27/2021,1309,97,51,After Nines,Bites,LARGE,4.43
SP07,G5,P20,1/27/2021,4991,137,357,Smooth Sliky Salty,Bars,SMALL,2.97
SP04,G3,P22,1/27/2021,6965,91,367,Peanut Butter Cubes,Bites,SMALL,3.57
SP15,G5,P18,1/27/2021,10199,497,408,Manuka Honey Choco,Other,SMALL,4.75
SP12,G4,P21,1/27/2021,7392,9,390,Choco Coated Almonds,Bites,SMALL,6.17
SP01,G4,P12,1/27/2021,5880,71,392,Fruit & Nut Bars,Bars,LARGE,1.58
SP04,G2,P11,1/27/2021,5950,25,238,After Nines,Bites,LARGE,4.43
SP14,G2,P16,1/27/2021,10395,57,336,Organic Choco Syrup,Other,SMALL,1.47
SP22,G1,P07,1/27/2021,6174,33,247,Drinking Coco,Other,LARGE,1.62
SP04,G4,P19,1/27/2021,15239,170,1524,70% Dark Bites,Bites,SMALL,4.97
SP21,G3,P09,1/27/2021,2219,145,247,Orange Choco,Bars,LARGE,7.14
SP17,G4,P19,1/27/2021,3150,70,243,70% Dark Bites,Bites,SMALL,4.97
SP17,G6,P15,1/27/2021,2968,216,212,Baker's Choco Chips,Bars,SMALL,3.4
SP02,G3,P05,1/27/2021,3241,199,163,Mint Chip Choco,Bars,LARGE,1.54
SP15,G3,P07,1/27/2021,3605,120,151,Drinking Coco,Other,LARGE,1.62
SP20,G3,P08,1/28/2021,3640,169,174,99% Dark & Pure,Bars,LARGE,2.47
SP11,G3,P08,1/28/2021,1309,294,77,99% Dark & Pure,Bars,LARGE,2.47
SP13,G1,P06,1/28/2021,10346,131,739,Eclairs,Bites,LARGE,2.24
SP15,G3,P04,1/28/2021,1071,359,54,Raspberry Choco,Bars,LARGE,4.09
SP11,G6,P19,1/28/2021,6328,119,791,70% Dark Bites,Bites,SMALL,4.97
SP07,G3,P11,1/28/2021,1820,143,68,After Nines,Bites,LARGE,4.43
SP09,G1,P21,1/28/2021,3437,179,157,Choco Coated Almonds,Bites,SMALL,6.17
SP17,G6,P14,1/28/2021,4550,214,455,White Choc,Other,SMALL,0.16
SP01,G3,P07,1/28/2021,2968,259,110,Drinking Coco,Other,LARGE,1.62
SP14,G2,P06,1/28/2021,12565,4,898,Eclairs,Bites,LARGE,2.24
SP17,G3,P01,1/28/2021,8246,294,318,Milk Bars,Bars,LARGE,1.52
SP09,G1,P05,1/28/2021,1190,137,70,Mint Chip Choco,Bars,LARGE,1.54
SP24,G4,P06,1/28/2021,3283,146,183,Eclairs,Bites,LARGE,2.24
SP08,G5,P18,1/28/2021,3087,300,115,Manuka Honey Choco,Other,SMALL,4.75
SP20,G1,P21,1/28/2021,6531,244,297,Choco Coated Almonds,Bites,SMALL,6.17
SP16,G2,P14,1/28/2021,4228,55,249,White Choc,Other,SMALL,0.16
SP24,G2,P17,1/28/2021,10094,118,389,Caramel Stuffed Bars,Bars,SMALL,0.54
SP21,G4,P01,1/28/2021,182,46,6,Milk Bars,Bars,LARGE,1.52
SP22,G4,P14,1/28/2021,616,151,37,White Choc,Other,SMALL,0.16
SP24,G2,P20,1/29/2021,12131,121,809,Smooth Sliky Salty,Bars,SMALL,2.97
SP07,G2,P07,1/29/2021,2394,323,93,Drinking Coco,Other,LARGE,1.62
SP12,G1,P14,1/29/2021,14287,89,841,White Choc,Other,SMALL,0.16
SP11,G4,P03,1/29/2021,10941,185,730,Almond Choco,Bars,LARGE,9.6
SP24,G6,P07,1/29/2021,7777,345,260,Drinking Coco,Other,LARGE,1.62
SP06,G3,P09,1/29/2021,9436,7,858,Orange Choco,Bars,LARGE,7.14
SP07,G3,P12,1/29/2021,1267,104,116,Fruit & Nut Bars,Bars,LARGE,1.58
SP07,G2,P11,1/29/2021,8806,32,327,After Nines,Bites,LARGE,4.43
SP06,G6,P21,1/29/2021,3640,403,243,Choco Coated Almonds,Bites,SMALL,6.17
SP07,G6,P17,1/29/2021,4900,239,182,Caramel Stuffed Bars,Bars,SMALL,0.54
SP18,G5,P14,1/29/2021,5558,219,348,White Choc,Other,SMALL,0.16
SP25,G4,P03,1/29/2021,9142,1,436,Almond Choco,Bars,LARGE,9.6
SP02,G6,P05,1/29/2021,3514,143,235,Mint Chip Choco,Bars,LARGE,1.54
SP19,G3,P02,1/29/2021,140,91,10,50% Dark Bites,Bites,LARGE,2.57
SP15,G6,P10,2/1/2021,11844,211,439,Spicy Special Slims,Bites,LARGE,5.79
SP03,G4,P01,2/1/2021,6517,54,233,Milk Bars,Bars,LARGE,1.52
SP07,G1,P01,2/1/2021,8715,24,282,Milk Bars,Bars,LARGE,1.52
SP05,G1,P16,2/1/2021,4851,455,180,Organic Choco Syrup,Other,SMALL,1.47
SP01,G2,P16,2/1/2021,10983,185,379,Organic Choco Syrup,Other,SMALL,1.47
SP21,G5,P15,2/1/2021,3290,75,329,Baker's Choco Chips,Bars,SMALL,3.4
SP11,G5,P16,2/1/2021,6545,86,212,Organic Choco Syrup,Other,SMALL,1.47
SP03,G3,P19,2/1/2021,441,7,45,70% Dark Bites,Bites,SMALL,4.97
SP14,G1,P21,2/1/2021,9849,75,580,Choco Coated Almonds,Bites,SMALL,6.17
SP09,G4,P14,2/1/2021,3073,9,308,White Choc,Other,SMALL,0.16
SP17,G2,P16,2/1/2021,4452,75,149,Organic Choco Syrup,Other,SMALL,1.47
SP12,G3,P13,2/1/2021,10220,105,538,85% Dark Bars,Bars,SMALL,0.64
SP09,G6,P19,2/1/2021,3150,11,210,70% Dark Bites,Bites,SMALL,4.97
SP07,G2,P20,2/1/2021,6083,43,381,Smooth Sliky Salty,Bars,SMALL,2.97
SP08,G6,P12,2/1/2021,14063,140,1407,Fruit & Nut Bars,Bars,LARGE,1.58
SP07,G6,P19,2/1/2021,4578,256,306,70% Dark Bites,Bites,SMALL,4.97
SP19,G1,P14,2/1/2021,6454,21,461,White Choc,Other,SMALL,0.16
SP15,G2,P18,2/2/2021,6650,166,256,Manuka Honey Choco,Other,SMALL,4.75
SP01,G1,P22,2/2/2021,2436,203,94,Peanut Butter Cubes,Bites,SMALL,3.57
SP21,G4,P21,2/2/2021,6944,33,331,Choco Coated Almonds,Bites,SMALL,6.17
SP05,G1,P11,2/2/2021,19817,126,684,After Nines,Bites,LARGE,4.43
SP01,G1,P02,2/2/2021,3521,50,235,50% Dark Bites,Bites,LARGE,2.57
SP12,G2,P11,2/2/2021,10458,546,327,After Nines,Bites,LARGE,4.43
SP24,G4,P08,2/2/2021,1302,401,57,99% Dark & Pure,Bars,LARGE,2.47
SP10,G5,P11,2/2/2021,7952,221,249,After Nines,Bites,LARGE,4.43
SP13,G5,P06,2/2/2021,4753,133,265,Eclairs,Bites,LARGE,2.24
SP11,G1,P13,2/2/2021,11452,81,546,85% Dark Bars,Bars,SMALL,0.64
SP03,G1,P10,2/2/2021,9345,124,390,Spicy Special Slims,Bites,LARGE,5.79
SP16,G1,P05,2/2/2021,7490,172,357,Mint Chip Choco,Bars,LARGE,1.54
SP25,G1,P16,2/2/2021,1519,127,57,Organic Choco Syrup,Other,SMALL,1.47
SP09,G6,P20,2/2/2021,3087,135,155,Smooth Sliky Salty,Bars,SMALL,2.97
SP06,G6,P20,2/2/2021,2352,178,168,Smooth Sliky Salty,Bars,SMALL,2.97
SP17,G3,P15,2/2/2021,11578,76,891,Baker's Choco Chips,Bars,SMALL,3.4
SP11,G2,P22,2/2/2021,462,223,22,Peanut Butter Cubes,Bites,SMALL,3.57
SP24,G1,P17,2/3/2021,6916,32,315,Caramel Stuffed Bars,Bars,SMALL,0.54
SP11,G1,P09,2/3/2021,3248,101,542,Orange Choco,Bars,LARGE,7.14
SP25,G3,P01,2/3/2021,6475,431,240,Milk Bars,Bars,LARGE,1.52
SP23,G6,P22,2/3/2021,9009,129,501,Peanut Butter Cubes,Bites,SMALL,3.57
SP17,G3,P14,2/3/2021,2835,20,189,White Choc,Other,SMALL,0.16
SP14,G1,P01,2/3/2021,7644,77,294,Milk Bars,Bars,LARGE,1.52
SP19,G6,P19,2/3/2021,3360,48,240,70% Dark Bites,Bites,SMALL,4.97
SP19,G2,P05,2/3/2021,1379,246,99,Mint Chip Choco,Bars,LARGE,1.54
SP22,G2,P16,2/3/2021,9534,229,382,Organic Choco Syrup,Other,SMALL,1.47
SP17,G2,P22,2/3/2021,14448,28,657,Peanut Butter Cubes,Bites,SMALL,3.57
SP24,G2,P15,2/3/2021,3829,432,240,Baker's Choco Chips,Bars,SMALL,3.4
SP03,G4,P09,2/4/2021,9086,206,758,Orange Choco,Bars,LARGE,7.14
SP15,G3,P01,2/4/2021,5803,299,194,Milk Bars,Bars,LARGE,1.52
SP25,G6,P18,2/4/2021,182,36,7,Manuka Honey Choco,Other,SMALL,4.75
SP18,G6,P13,2/4/2021,9863,21,520,85% Dark Bars,Bars,SMALL,0.64
SP06,G4,P09,2/4/2021,4046,80,289,Orange Choco,Bars,LARGE,7.14
SP09,G6,P12,2/4/2021,3493,140,350,Fruit & Nut Bars,Bars,LARGE,1.58
SP13,G3,P03,2/4/2021,392,89,18,Almond Choco,Bars,LARGE,9.6
SP05,G1,P10,2/4/2021,2534,19,111,Spicy Special Slims,Bites,LARGE,5.79
SP22,G6,P13,2/4/2021,7084,6,308,85% Dark Bars,Bars,SMALL,0.64
SP05,G6,P09,2/4/2021,4809,70,344,Orange Choco,Bars,LARGE,7.14
SP16,G3,P07,2/4/2021,7959,273,266,Drinking Coco,Other,LARGE,1.62
SP15,G3,P08,2/4/2021,10521,231,527,99% Dark & Pure,Bars,LARGE,2.47
SP15,G3,P12,2/4/2021,56,168,5,Fruit & Nut Bars,Bars,LARGE,1.58
SP19,G6,P15,2/4/2021,3017,103,189,Baker's Choco Chips,Bars,SMALL,3.4
SP12,G1,P09,2/4/2021,18949,300,2707,Orange Choco,Bars,LARGE,7.14
SP24,G6,P01,2/4/2021,8764,69,338,Milk Bars,Bars,LARGE,1.52
SP14,G1,P04,2/4/2021,12201,103,643,Raspberry Choco,Bars,LARGE,4.09
SP20,G2,P10,2/4/2021,11935,189,460,Spicy Special Slims,Bites,LARGE,5.79
SP01,G2,P20,2/4/2021,3724,322,266,Smooth Sliky Salty,Bars,SMALL,2.97
SP23,G3,P06,2/4/2021,2646,70,166,Eclairs,Bites,LARGE,2.24
SP03,G1,P14,2/4/2021,686,18,46,White Choc,Other,SMALL,0.16
SP12,G5,P20,2/4/2021,2037,272,128,Smooth Sliky Salty,Bars,SMALL,2.97
SP23,G1,P21,2/4/2021,6300,208,300,Choco Coated Almonds,Bites,SMALL,6.17
SP11,G3,P22,2/4/2021,2541,14,111,Peanut Butter Cubes,Bites,SMALL,3.57
SP04,G1,P04,2/4/2021,1883,97,118,Raspberry Choco,Bars,LARGE,4.09
SP08,G1,P10,2/4/2021,10255,180,446,Spicy Special Slims,Bites,LARGE,5.79
SP22,G6,P11,2/5/2021,5803,98,233,After Nines,Bites,LARGE,4.43
SP09,G1,P02,2/5/2021,8260,239,1033,50% Dark Bites,Bites,LARGE,2.57
SP24,G1,P15,2/5/2021,14868,5,1859,Baker's Choco Chips,Bars,SMALL,3.4
SP03,G2,P06,2/5/2021,4137,10,276,Eclairs,Bites,LARGE,2.24
SP10,G6,P11,2/5/2021,7161,480,276,After Nines,Bites,LARGE,4.43
SP24,G2,P07,2/5/2021,9625,149,332,Drinking Coco,Other,LARGE,1.62
SP19,G3,P16,2/5/2021,12852,296,429,Organic Choco Syrup,Other,SMALL,1.47
SP18,G3,P06,2/5/2021,7546,365,581,Eclairs,Bites,LARGE,2.24
SP19,G2,P06,2/5/2021,4123,104,275,Eclairs,Bites,LARGE,2.24
SP21,G1,P16,2/5/2021,13174,78,573,Organic Choco Syrup,Other,SMALL,1.47
SP17,G2,P02,2/5/2021,7637,161,546,50% Dark Bites,Bites,LARGE,2.57
SP18,G2,P15,2/5/2021,3311,128,332,Baker's Choco Chips,Bars,SMALL,3.4
SP21,G1,P04,2/5/2021,2338,52,107,Raspberry Choco,Bars,LARGE,4.09
SP06,G1,P17,2/8/2021,3465,228,139,Caramel Stuffed Bars,Bars,SMALL,0.54
SP17,G5,P22,2/8/2021,2345,435,107,Peanut Butter Cubes,Bites,SMALL,3.57
SP18,G3,P16,2/8/2021,12698,53,471,Organic Choco Syrup,Other,SMALL,1.47
SP01,G4,P13,2/8/2021,6678,24,334,85% Dark Bars,Bars,SMALL,0.64
SP12,G3,P15,2/8/2021,4851,120,324,Baker's Choco Chips,Bars,SMALL,3.4
SP08,G4,P07,2/8/2021,336,164,12,Drinking Coco,Other,LARGE,1.62
SP12,G3,P09,2/8/2021,2366,8,198,Orange Choco,Bars,LARGE,7.14
SP08,G2,P08,2/8/2021,10598,226,461,99% Dark & Pure,Bars,LARGE,2.47
SP01,G1,P20,2/8/2021,13293,199,665,Smooth Sliky Salty,Bars,SMALL,2.97
SP23,G5,P02,2/8/2021,2086,90,261,50% Dark Bites,Bites,LARGE,2.57
SP04,G5,P22,2/8/2021,2751,133,120,Peanut Butter Cubes,Bites,SMALL,3.57
SP02,G3,P10,2/8/2021,5481,283,275,Spicy Special Slims,Bites,LARGE,5.79
SP09,G2,P20,2/8/2021,5628,11,433,Smooth Sliky Salty,Bars,SMALL,2.97
SP22,G2,P17,2/8/2021,2660,113,89,Caramel Stuffed Bars,Bars,SMALL,0.54
SP20,G1,P03,2/9/2021,1386,157,82,Almond Choco,Bars,LARGE,9.6
SP17,G6,P01,2/9/2021,11060,175,382,Milk Bars,Bars,LARGE,1.52
SP16,G5,P21,2/9/2021,2919,147,172,Choco Coated Almonds,Bites,SMALL,6.17
SP25,G3,P08,2/9/2021,8680,334,457,99% Dark & Pure,Bars,LARGE,2.47
SP09,G2,P10,2/9/2021,1484,362,71,Spicy Special Slims,Bites,LARGE,5.79
SP17,G3,P21,2/9/2021,16919,199,996,Choco Coated Almonds,Bites,SMALL,6.17
SP21,G5,P11,2/9/2021,13188,215,440,After Nines,Bites,LARGE,4.43
SP11,G5,P04,2/9/2021,4998,182,294,Raspberry Choco,Bars,LARGE,4.09
SP14,G6,P13,2/9/2021,6146,64,342,85% Dark Bars,Bars,SMALL,0.64
SP19,G1,P01,2/9/2021,5621,162,217,Milk Bars,Bars,LARGE,1.52
SP18,G6,P05,2/9/2021,980,75,47,Mint Chip Choco,Bars,LARGE,1.54
SP13,G2,P03,2/10/2021,7343,116,350,Almond Choco,Bars,LARGE,9.6
SP01,G3,P17,2/10/2021,1750,9,63,Caramel Stuffed Bars,Bars,SMALL,0.54
SP05,G1,P06,2/10/2021,2464,90,165,Eclairs,Bites,LARGE,2.24
SP09,G2,P01,2/10/2021,1974,47,86,Milk Bars,Bars,LARGE,1.52
SP22,G5,P19,2/10/2021,11823,52,986,70% Dark Bites,Bites,SMALL,4.97
SP15,G4,P13,2/10/2021,7350,250,335,85% Dark Bars,Bars,SMALL,0.64
SP15,G3,P15,2/10/2021,4165,170,417,Baker's Choco Chips,Bars,SMALL,3.4
SP03,G1,P13,2/10/2021,630,41,28,85% Dark Bars,Bars,SMALL,0.64
SP09,G3,P15,2/10/2021,2282,238,143,Baker's Choco Chips,Bars,SMALL,3.4
SP17,G3,P12,2/10/2021,5250,37,292,Fruit & Nut Bars,Bars,LARGE,1.58
SP06,G3,P03,2/10/2021,11676,253,730,Almond Choco,Bars,LARGE,9.6
SP17,G5,P17,2/10/2021,14917,289,533,Caramel Stuffed Bars,Bars,SMALL,0.54
SP22,G3,P18,2/11/2021,4634,100,155,Manuka Honey Choco,Other,SMALL,4.75
SP05,G2,P18,2/11/2021,819,196,27,Manuka Honey Choco,Other,SMALL,4.75
SP10,G1,P07,2/11/2021,2422,60,106,Drinking Coco,Other,LARGE,1.62
SP13,G3,P18,2/11/2021,1463,158,59,Manuka Honey Choco,Other,SMALL,4.75
SP15,G3,P18,2/11/2021,1050,10,32,Manuka Honey Choco,Other,SMALL,4.75
SP20,G6,P22,2/11/2021,1526,527,85,Peanut Butter Cubes,Bites,SMALL,3.57
SP03,G4,P02,2/11/2021,427,163,27,50% Dark Bites,Bites,LARGE,2.57
SP06,G2,P10,2/11/2021,10976,132,440,Spicy Special Slims,Bites,LARGE,5.79
SP04,G4,P05,2/12/2021,6503,299,407,Mint Chip Choco,Bars,LARGE,1.54
SP13,G6,P08,2/12/2021,21,300,1,99% Dark & Pure,Bars,LARGE,2.47
SP05,G6,P06,2/12/2021,7063,13,393,Eclairs,Bites,LARGE,2.24
SP24,G3,P22,2/12/2021,3990,50,200,Peanut Butter Cubes,Bites,SMALL,3.57
SP14,G4,P19,2/12/2021,1806,184,129,70% Dark Bites,Bites,SMALL,4.97
SP16,G1,P14,2/12/2021,10136,115,597,White Choc,Other,SMALL,0.16
SP12,G6,P03,2/12/2021,1288,119,62,Almond Choco,Bars,LARGE,9.6
SP20,G3,P14,2/12/2021,1295,107,87,White Choc,Other,SMALL,0.16
SP09,G2,P19,2/12/2021,6461,288,718,70% Dark Bites,Bites,SMALL,4.97
SP22,G4,P18,2/12/2021,4949,31,155,Manuka Honey Choco,Other,SMALL,4.75
SP18,G4,P12,2/12/2021,5432,39,302,Fruit & Nut Bars,Bars,LARGE,1.58
SP15,G3,P17,2/12/2021,7112,55,246,Caramel Stuffed Bars,Bars,SMALL,0.54
SP12,G6,P22,2/12/2021,266,112,11,Peanut Butter Cubes,Bites,SMALL,3.57
SP05,G2,P02,2/12/2021,6202,44,414,50% Dark Bites,Bites,LARGE,2.57
SP22,G4,P11,2/15/2021,1057,288,43,After Nines,Bites,LARGE,4.43
SP15,G6,P07,2/15/2021,1925,460,67,Drinking Coco,Other,LARGE,1.62
SP04,G1,P13,2/15/2021,1841,185,77,85% Dark Bars,Bars,SMALL,0.64
SP07,G3,P10,2/15/2021,1204,5,61,Spicy Special Slims,Bites,LARGE,5.79
SP04,G4,P13,2/15/2021,4074,146,186,85% Dark Bars,Bars,SMALL,0.64
SP16,G2,P18,2/15/2021,4473,39,150,Manuka Honey Choco,Other,SMALL,4.75
SP16,G6,P15,2/15/2021,2947,210,246,Baker's Choco Chips,Bars,SMALL,3.4
SP23,G2,P16,2/15/2021,15386,59,642,Organic Choco Syrup,Other,SMALL,1.47
SP04,G6,P01,2/15/2021,4690,229,188,Milk Bars,Bars,LARGE,1.52
SP24,G2,P14,2/15/2021,343,158,39,White Choc,Other,SMALL,0.16
SP14,G3,P05,2/15/2021,3052,393,146,Mint Chip Choco,Bars,LARGE,1.54
SP19,G5,P18,2/15/2021,686,187,25,Manuka Honey Choco,Other,SMALL,4.75
SP04,G3,P14,2/15/2021,6993,133,538,White Choc,Other,SMALL,0.16
SP21,G6,P01,2/16/2021,5236,170,169,Milk Bars,Bars,LARGE,1.52
SP06,G1,P10,2/16/2021,8638,212,333,Spicy Special Slims,Bites,LARGE,5.79
SP07,G4,P18,2/16/2021,5712,288,191,Manuka Honey Choco,Other,SMALL,4.75
SP03,G2,P05,2/16/2021,6258,334,330,Mint Chip Choco,Bars,LARGE,1.54
SP04,G2,P19,2/16/2021,3234,90,294,70% Dark Bites,Bites,SMALL,4.97
SP15,G1,P16,2/16/2021,17577,32,677,Organic Choco Syrup,Other,SMALL,1.47
SP11,G2,P06,2/16/2021,12684,217,668,Eclairs,Bites,LARGE,2.24
SP05,G1,P08,2/16/2021,1239,29,54,99% Dark & Pure,Bars,LARGE,2.47
SP15,G6,P02,2/16/2021,3402,55,243,50% Dark Bites,Bites,LARGE,2.57
SP12,G1,P21,2/16/2021,11382,432,633,Choco Coated Almonds,Bites,SMALL,6.17
SP18,G1,P01,2/16/2021,7133,212,265,Milk Bars,Bars,LARGE,1.52
SP22,G1,P01,2/17/2021,8309,171,333,Milk Bars,Bars,LARGE,1.52
SP23,G4,P12,2/17/2021,1435,3,131,Fruit & Nut Bars,Bars,LARGE,1.58
SP02,G3,P06,2/17/2021,3227,126,216,Eclairs,Bites,LARGE,2.24
SP25,G4,P07,2/17/2021,133,195,6,Drinking Coco,Other,LARGE,1.62
SP05,G5,P08,2/17/2021,5446,425,273,99% Dark & Pure,Bars,LARGE,2.47
SP12,G1,P08,2/17/2021,4424,91,261,99% Dark & Pure,Bars,LARGE,2.47
SP22,G6,P01,2/17/2021,1827,168,80,Milk Bars,Bars,LARGE,1.52
SP04,G4,P18,2/17/2021,8232,264,305,Manuka Honey Choco,Other,SMALL,4.75
SP07,G5,P02,2/17/2021,861,262,62,50% Dark Bites,Bites,LARGE,2.57
SP01,G4,P19,2/17/2021,8099,178,675,70% Dark Bites,Bites,SMALL,4.97
SP17,G5,P20,2/17/2021,5894,592,281,Smooth Sliky Salty,Bars,SMALL,2.97
SP25,G2,P11,2/17/2021,8211,601,257,After Nines,Bites,LARGE,4.43
SP07,G1,P11,2/17/2021,10360,206,415,After Nines,Bites,LARGE,4.43
SP14,G6,P01,2/17/2021,5145,98,166,Milk Bars,Bars,LARGE,1.52
SP08,G6,P02,2/17/2021,9163,235,1146,50% Dark Bites,Bites,LARGE,2.57
SP17,G1,P14,2/17/2021,15323,33,1393,White Choc,Other,SMALL,0.16
SP16,G3,P09,2/17/2021,7994,177,1000,Orange Choco,Bars,LARGE,7.14
SP13,G3,P21,2/17/2021,6363,87,455,Choco Coated Almonds,Bites,SMALL,6.17
SP20,G4,P22,2/17/2021,3262,185,172,Peanut Butter Cubes,Bites,SMALL,3.57
SP05,G5,P07,2/17/2021,2793,93,127,Drinking Coco,Other,LARGE,1.62
SP17,G1,P16,2/18/2021,8491,338,340,Organic Choco Syrup,Other,SMALL,1.47
SP02,G5,P17,2/18/2021,13685,39,571,Caramel Stuffed Bars,Bars,SMALL,0.54
SP21,G3,P14,2/18/2021,770,137,52,White Choc,Other,SMALL,0.16
SP25,G3,P02,2/18/2021,8631,399,1079,50% Dark Bites,Bites,LARGE,2.57
SP22,G4,P12,2/18/2021,4536,120,267,Fruit & Nut Bars,Bars,LARGE,1.58
SP17,G6,P08,2/18/2021,14497,21,605,99% Dark & Pure,Bars,LARGE,2.47
SP17,G5,P21,2/18/2021,7672,112,452,Choco Coated Almonds,Bites,SMALL,6.17
SP03,G5,P08,2/18/2021,10878,329,573,99% Dark & Pure,Bars,LARGE,2.47
SP02,G5,P02,2/18/2021,12572,94,1397,50% Dark Bites,Bites,LARGE,2.57
SP19,G5,P02,2/18/2021,1575,90,105,50% Dark Bites,Bites,LARGE,2.57
SP02,G3,P18,2/18/2021,5453,260,166,Manuka Honey Choco,Other,SMALL,4.75
SP19,G4,P18,2/18/2021,4802,84,155,Manuka Honey Choco,Other,SMALL,4.75
SP16,G1,P06,2/19/2021,7651,325,426,Eclairs,Bites,LARGE,2.24
SP18,G1,P09,2/19/2021,2079,527,260,Orange Choco,Bars,LARGE,7.14
SP02,G4,P10,2/19/2021,2100,62,81,Spicy Special Slims,Bites,LARGE,5.79
SP25,G5,P20,2/19/2021,5278,242,406,Smooth Sliky Salty,Bars,SMALL,2.97
SP01,G2,P10,2/19/2021,4249,19,164,Spicy Special Slims,Bites,LARGE,5.79
SP12,G2,P05,2/19/2021,3976,9,210,Mint Chip Choco,Bars,LARGE,1.54
SP20,G2,P11,2/19/2021,6951,183,218,After Nines,Bites,LARGE,4.43
SP25,G6,P10,2/19/2021,616,161,25,Spicy Special Slims,Bites,LARGE,5.79
SP09,G6,P13,2/19/2021,5439,115,287,85% Dark Bars,Bars,SMALL,0.64
SP10,G1,P02,2/19/2021,63,206,7,50% Dark Bites,Bites,LARGE,2.57
SP10,G3,P15,2/19/2021,1533,115,110,Baker's Choco Chips,Bars,SMALL,3.4
SP20,G2,P19,2/19/2021,3535,337,322,70% Dark Bites,Bites,SMALL,4.97
SP13,G3,P10,2/19/2021,2429,4,111,Spicy Special Slims,Bites,LARGE,5.79
SP03,G1,P04,2/19/2021,7119,144,356,Raspberry Choco,Bars,LARGE,4.09
SP02,G4,P07,2/19/2021,3521,304,118,Drinking Coco,Other,LARGE,1.62
SP08,G2,P11,2/19/2021,3745,177,118,After Nines,Bites,LARGE,4.43
SP16,G5,P14,2/19/2021,4816,100,301,White Choc,Other,SMALL,0.16
SP02,G6,P15,2/19/2021,1736,72,193,Baker's Choco Chips,Bars,SMALL,3.4
SP17,G5,P19,2/19/2021,1099,139,92,70% Dark Bites,Bites,SMALL,4.97
SP14,G6,P11,2/19/2021,6692,165,231,After Nines,Bites,LARGE,4.43
SP02,G5,P15,2/22/2021,364,177,31,Baker's Choco Chips,Bars,SMALL,3.4
SP08,G3,P13,2/22/2021,10927,202,476,85% Dark Bars,Bars,SMALL,0.64
SP12,G4,P13,2/22/2021,11410,103,476,85% Dark Bars,Bars,SMALL,0.64
SP24,G1,P16,2/22/2021,2443,337,82,Organic Choco Syrup,Other,SMALL,1.47
SP14,G3,P14,2/22/2021,329,257,26,White Choc,Other,SMALL,0.16
SP04,G4,P07,2/22/2021,3066,144,128,Drinking Coco,Other,LARGE,1.62
SP19,G4,P15,2/22/2021,567,243,38,Baker's Choco Chips,Bars,SMALL,3.4
SP14,G4,P20,2/22/2021,14721,257,1052,Smooth Sliky Salty,Bars,SMALL,2.97
SP09,G4,P21,2/22/2021,6986,11,350,Choco Coated Almonds,Bites,SMALL,6.17
SP06,G2,P13,2/22/2021,14112,158,784,85% Dark Bars,Bars,SMALL,0.64
SP08,G6,P20,2/22/2021,1771,605,137,Smooth Sliky Salty,Bars,SMALL,2.97
SP15,G5,P22,2/22/2021,5082,164,231,Peanut Butter Cubes,Bites,SMALL,3.57
SP12,G3,P03,2/22/2021,1827,48,102,Almond Choco,Bars,LARGE,9.6
SP18,G1,P07,2/22/2021,182,85,7,Drinking Coco,Other,LARGE,1.62
SP08,G4,P21,2/22/2021,5369,136,269,Choco Coated Almonds,Bites,SMALL,6.17
SP06,G2,P07,2/22/2021,6034,169,275,Drinking Coco,Other,LARGE,1.62
SP09,G3,P05,2/22/2021,13209,204,881,Mint Chip Choco,Bars,LARGE,1.54
SP12,G5,P17,2/22/2021,847,263,30,Caramel Stuffed Bars,Bars,SMALL,0.54
SP22,G3,P02,2/22/2021,1015,66,64,50% Dark Bites,Bites,LARGE,2.57
SP14,G3,P02,2/23/2021,16247,215,2031,50% Dark Bites,Bites,LARGE,2.57
SP21,G3,P15,2/23/2021,2422,41,303,Baker's Choco Chips,Bars,SMALL,3.4
SP10,G3,P22,2/23/2021,3997,333,174,Peanut Butter Cubes,Bites,SMALL,3.57
SP24,G2,P03,2/23/2021,7182,125,479,Almond Choco,Bars,LARGE,9.6
SP21,G1,P05,2/23/2021,1246,163,70,Mint Chip Choco,Bars,LARGE,1.54
SP24,G6,P06,2/23/2021,553,50,27,Eclairs,Bites,LARGE,2.24
SP23,G2,P12,2/23/2021,2681,206,207,Fruit & Nut Bars,Bars,LARGE,1.58
SP20,G5,P15,2/23/2021,2800,78,234,Baker's Choco Chips,Bars,SMALL,3.4
SP23,G6,P04,2/23/2021,4851,160,304,Raspberry Choco,Bars,LARGE,4.09
SP05,G3,P17,2/23/2021,168,3,6,Caramel Stuffed Bars,Bars,SMALL,0.54
SP11,G5,P12,2/23/2021,315,5,21,Fruit & Nut Bars,Bars,LARGE,1.58
SP04,G3,P06,2/23/2021,11851,58,741,Eclairs,Bites,LARGE,2.24
SP14,G4,P07,2/23/2021,3220,261,147,Drinking Coco,Other,LARGE,1.62
SP05,G6,P19,2/23/2021,11935,307,1194,70% Dark Bites,Bites,SMALL,4.97
SP03,G3,P22,2/23/2021,12404,186,478,Peanut Butter Cubes,Bites,SMALL,3.57
SP22,G5,P12,2/24/2021,1519,132,90,Fruit & Nut Bars,Bars,LARGE,1.58
SP22,G1,P17,2/24/2021,10934,182,476,Caramel Stuffed Bars,Bars,SMALL,0.54
SP25,G6,P22,2/24/2021,3346,179,129,Peanut Butter Cubes,Bites,SMALL,3.57
SP24,G3,P10,2/24/2021,8351,36,398,Spicy Special Slims,Bites,LARGE,5.79
SP12,G6,P14,2/24/2021,11718,76,733,White Choc,Other,SMALL,0.16
SP17,G3,P10,2/24/2021,2681,115,117,Spicy Special Slims,Bites,LARGE,5.79
SP22,G1,P02,2/24/2021,6188,292,563,50% Dark Bites,Bites,LARGE,2.57
SP11,G5,P08,2/24/2021,10941,182,521,99% Dark & Pure,Bars,LARGE,2.47
SP11,G3,P01,2/24/2021,3647,220,141,Milk Bars,Bars,LARGE,1.52
SP23,G3,P22,2/25/2021,2436,130,122,Peanut Butter Cubes,Bites,SMALL,3.57
SP11,G3,P17,2/25/2021,896,346,41,Caramel Stuffed Bars,Bars,SMALL,0.54
SP04,G2,P17,2/25/2021,3808,17,174,Caramel Stuffed Bars,Bars,SMALL,0.54
SP04,G3,P05,2/25/2021,10920,278,683,Mint Chip Choco,Bars,LARGE,1.54
SP13,G4,P12,2/25/2021,4186,75,299,Fruit & Nut Bars,Bars,LARGE,1.58
SP24,G3,P13,2/25/2021,6797,72,309,85% Dark Bars,Bars,SMALL,0.64
SP24,G5,P10,2/25/2021,4319,56,155,Spicy Special Slims,Bites,LARGE,5.79
SP16,G3,P20,2/25/2021,1673,99,105,Smooth Sliky Salty,Bars,SMALL,2.97
SP20,G4,P03,2/25/2021,735,84,35,Almond Choco,Bars,LARGE,9.6
SP20,G5,P11,2/25/2021,2632,39,106,After Nines,Bites,LARGE,4.43
SP04,G4,P09,2/25/2021,2030,68,170,Orange Choco,Bars,LARGE,7.14
SP03,G2,P18,2/25/2021,1169,265,47,Manuka Honey Choco,Other,SMALL,4.75
SP09,G4,P05,2/25/2021,3703,54,206,Mint Chip Choco,Bars,LARGE,1.54
SP01,G6,P14,2/25/2021,805,48,54,White Choc,Other,SMALL,0.16
SP23,G6,P20,2/25/2021,406,260,21,Smooth Sliky Salty,Bars,SMALL,2.97
SP20,G5,P09,2/25/2021,3591,73,360,Orange Choco,Bars,LARGE,7.14
SP20,G6,P14,2/25/2021,5551,210,463,White Choc,Other,SMALL,0.16
SP24,G5,P14,2/25/2021,3605,347,258,White Choc,Other,SMALL,0.16
SP09,G3,P03,2/25/2021,6356,38,374,Almond Choco,Bars,LARGE,9.6
SP24,G5,P19,2/25/2021,602,238,41,70% Dark Bites,Bites,SMALL,4.97
SP23,G1,P14,2/26/2021,7042,142,470,White Choc,Other,SMALL,0.16
SP22,G5,P03,2/26/2021,2968,215,142,Almond Choco,Bars,LARGE,9.6
SP10,G1,P22,2/26/2021,294,80,17,Peanut Butter Cubes,Bites,SMALL,3.57
SP05,G4,P11,2/26/2021,6363,68,213,After Nines,Bites,LARGE,4.43
SP09,G2,P12,2/26/2021,280,220,18,Fruit & Nut Bars,Bars,LARGE,1.58
SP11,G3,P21,2/26/2021,406,22,29,Choco Coated Almonds,Bites,SMALL,6.17
SP18,G4,P07,2/26/2021,4144,374,139,Drinking Coco,Other,LARGE,1.62
SP08,G4,P01,2/26/2021,5341,179,173,Milk Bars,Bars,LARGE,1.52
SP17,G5,P12,2/26/2021,2947,103,197,Fruit & Nut Bars,Bars,LARGE,1.58
SP02,G4,P19,2/26/2021,12026,166,926,70% Dark Bites,Bites,SMALL,4.97
SP10,G4,P20,2/26/2021,3983,237,307,Smooth Sliky Salty,Bars,SMALL,2.97
SP04,G1,P14,2/26/2021,1792,283,163,White Choc,Other,SMALL,0.16
SP01,G6,P01,2/26/2021,1526,150,67,Milk Bars,Bars,LARGE,1.52
SP20,G2,P16,2/26/2021,5313,70,190,Organic Choco Syrup,Other,SMALL,1.47
SP08,G6,P11,2/26/2021,7728,48,242,After Nines,Bites,LARGE,4.43
SP16,G3,P13,2/26/2021,413,414,22,85% Dark Bars,Bars,SMALL,0.64
SP21,G1,P14,2/26/2021,4431,13,493,White Choc,Other,SMALL,0.16
SP03,G2,P12,2/26/2021,1036,240,58,Fruit & Nut Bars,Bars,LARGE,1.58
SP21,G2,P09,2/26/2021,217,147,25,Orange Choco,Bars,LARGE,7.14
SP15,G1,P19,2/26/2021,7616,16,693,70% Dark Bites,Bites,SMALL,4.97
SP12,G6,P16,2/26/2021,11900,256,518,Organic Choco Syrup,Other,SMALL,1.47
SP25,G4,P19,2/26/2021,10437,350,1044,70% Dark Bites,Bites,SMALL,4.97
SP18,G1,P12,3/1/2021,5691,216,335,Fruit & Nut Bars,Bars,LARGE,1.58
SP22,G5,P04,3/1/2021,5397,66,300,Raspberry Choco,Bars,LARGE,4.09
SP08,G2,P16,3/1/2021,3276,61,143,Organic Choco Syrup,Other,SMALL,1.47
SP09,G4,P07,3/1/2021,4102,14,187,Drinking Coco,Other,LARGE,1.62
SP02,G5,P18,3/1/2021,476,86,18,Manuka Honey Choco,Other,SMALL,4.75
SP14,G3,P16,3/1/2021,4858,138,157,Organic Choco Syrup,Other,SMALL,1.47
SP09,G3,P08,3/1/2021,7259,69,404,99% Dark & Pure,Bars,LARGE,2.47
SP08,G1,P03,3/2/2021,6209,35,311,Almond Choco,Bars,LARGE,9.6
SP09,G4,P16,3/2/2021,12390,269,539,Organic Choco Syrup,Other,SMALL,1.47
SP20,G6,P21,3/2/2021,686,103,41,Choco Coated Almonds,Bites,SMALL,6.17
SP18,G4,P01,3/2/2021,9030,563,312,Milk Bars,Bars,LARGE,1.52
SP14,G3,P03,3/2/2021,5376,48,256,Almond Choco,Bars,LARGE,9.6
SP24,G5,P17,3/2/2021,2898,17,126,Caramel Stuffed Bars,Bars,SMALL,0.54
SP01,G2,P03,3/2/2021,18900,13,945,Almond Choco,Bars,LARGE,9.6
SP18,G2,P11,3/2/2021,5082,95,182,After Nines,Bites,LARGE,4.43
SP16,G5,P04,3/2/2021,2016,177,107,Raspberry Choco,Bars,LARGE,4.09
SP10,G2,P20,3/2/2021,847,145,50,Smooth Sliky Salty,Bars,SMALL,2.97
SP10,G4,P15,3/3/2021,4200,57,350,Baker's Choco Chips,Bars,SMALL,3.4
SP03,G4,P22,3/3/2021,17577,190,977,Peanut Butter Cubes,Bites,SMALL,3.57
SP09,G1,P09,3/3/2021,861,108,96,Orange Choco,Bars,LARGE,7.14
SP03,G3,P07,3/3/2021,3829,434,142,Drinking Coco,Other,LARGE,1.62
SP01,G6,P18,3/3/2021,1155,238,37,Manuka Honey Choco,Other,SMALL,4.75
SP19,G5,P15,3/3/2021,11123,189,1391,Baker's Choco Chips,Bars,SMALL,3.4
SP22,G4,P15,3/3/2021,8505,82,532,Baker's Choco Chips,Bars,SMALL,3.4
SP05,G2,P07,3/3/2021,4130,152,138,Drinking Coco,Other,LARGE,1.62
SP14,G5,P01,3/3/2021,420,43,15,Milk Bars,Bars,LARGE,1.52
SP07,G5,P06,3/3/2021,994,92,63,Eclairs,Bites,LARGE,2.24
SP13,G6,P05,3/3/2021,3689,364,176,Mint Chip Choco,Bars,LARGE,1.54
SP16,G2,P06,3/3/2021,13195,124,880,Eclairs,Bites,LARGE,2.24
SP12,G5,P16,3/4/2021,6545,276,219,Organic Choco Syrup,Other,SMALL,1.47
SP04,G2,P07,3/4/2021,9982,399,357,Drinking Coco,Other,LARGE,1.62
SP21,G6,P13,3/4/2021,6363,95,398,85% Dark Bars,Bars,SMALL,0.64
SP04,G5,P15,3/4/2021,14336,50,1304,Baker's Choco Chips,Bars,SMALL,3.4
SP24,G1,P10,3/4/2021,7063,182,253,Spicy Special Slims,Bites,LARGE,5.79
SP17,G5,P11,3/4/2021,5551,176,199,After Nines,Bites,LARGE,4.43
SP05,G2,P09,3/4/2021,448,319,38,Orange Choco,Bars,LARGE,7.14
SP11,G6,P21,3/5/2021,9121,66,481,Choco Coated Almonds,Bites,SMALL,6.17
SP04,G3,P09,3/5/2021,6258,277,626,Orange Choco,Bars,LARGE,7.14
SP20,G3,P18,3/5/2021,10752,111,347,Manuka Honey Choco,Other,SMALL,4.75
SP08,G4,P13,3/5/2021,12411,100,540,85% Dark Bars,Bars,SMALL,0.64
SP11,G5,P18,3/5/2021,308,74,10,Manuka Honey Choco,Other,SMALL,4.75
SP25,G2,P12,3/5/2021,10689,296,764,Fruit & Nut Bars,Bars,LARGE,1.58
SP04,G6,P07,3/5/2021,448,98,16,Drinking Coco,Other,LARGE,1.62
SP11,G2,P05,3/5/2021,4410,271,260,Mint Chip Choco,Bars,LARGE,1.54
SP15,G6,P15,3/8/2021,6265,501,570,Baker's Choco Chips,Bars,SMALL,3.4
SP05,G3,P21,3/8/2021,7301,116,366,Choco Coated Almonds,Bites,SMALL,6.17
SP03,G5,P18,3/8/2021,4802,330,185,Manuka Honey Choco,Other,SMALL,4.75
SP14,G3,P01,3/8/2021,1358,99,53,Milk Bars,Bars,LARGE,1.52
SP21,G2,P02,3/8/2021,1610,284,147,50% Dark Bites,Bites,LARGE,2.57
SP03,G6,P22,3/8/2021,63,106,3,Peanut Butter Cubes,Bites,SMALL,3.57
SP05,G4,P21,3/8/2021,161,55,8,Choco Coated Almonds,Bites,SMALL,6.17
SP02,G3,P03,3/8/2021,1246,157,70,Almond Choco,Bars,LARGE,9.6
SP15,G1,P11,3/8/2021,49,250,3,After Nines,Bites,LARGE,4.43
SP09,G2,P03,3/8/2021,4032,150,202,Almond Choco,Bars,LARGE,9.6
SP18,G3,P09,3/8/2021,1085,181,181,Orange Choco,Bars,LARGE,7.14
SP10,G2,P10,3/8/2021,4347,135,174,Spicy Special Slims,Bites,LARGE,5.79
SP15,G5,P17,3/8/2021,7084,193,322,Caramel Stuffed Bars,Bars,SMALL,0.54
SP13,G3,P04,3/8/2021,5383,117,300,Raspberry Choco,Bars,LARGE,4.09
SP06,G3,P12,3/8/2021,1351,232,123,Fruit & Nut Bars,Bars,LARGE,1.58
SP19,G5,P19,3/8/2021,3591,455,257,70% Dark Bites,Bites,SMALL,4.97
SP13,G3,P12,3/8/2021,1540,27,154,Fruit & Nut Bars,Bars,LARGE,1.58
SP22,G2,P07,3/8/2021,9884,113,341,Drinking Coco,Other,LARGE,1.62
SP18,G1,P13,3/8/2021,9415,296,554,85% Dark Bars,Bars,SMALL,0.64
SP02,G5,P07,3/8/2021,1778,52,66,Drinking Coco,Other,LARGE,1.62
SP17,G3,P04,3/8/2021,8120,224,370,Raspberry Choco,Bars,LARGE,4.09
SP23,G6,P01,3/8/2021,2849,128,95,Milk Bars,Bars,LARGE,1.52
SP13,G5,P13,3/8/2021,2408,288,115,85% Dark Bars,Bars,SMALL,0.64
SP07,G3,P17,3/8/2021,12075,265,549,Caramel Stuffed Bars,Bars,SMALL,0.54
SP06,G3,P18,3/8/2021,2730,120,95,Manuka Honey Choco,Other,SMALL,4.75
SP19,G6,P04,3/9/2021,1778,267,112,Raspberry Choco,Bars,LARGE,4.09
SP18,G4,P09,3/9/2021,4725,157,591,Orange Choco,Bars,LARGE,7.14
SP13,G3,P20,3/9/2021,6405,40,338,Smooth Sliky Salty,Bars,SMALL,2.97
SP03,G6,P08,3/9/2021,2674,402,122,99% Dark & Pure,Bars,LARGE,2.47
SP24,G1,P08,3/9/2021,5908,149,311,99% Dark & Pure,Bars,LARGE,2.47
SP24,G5,P03,3/9/2021,7301,39,457,Almond Choco,Bars,LARGE,9.6
SP24,G2,P10,3/9/2021,154,101,6,Spicy Special Slims,Bites,LARGE,5.79
SP12,G2,P09,3/9/2021,343,103,29,Orange Choco,Bars,LARGE,7.14
SP03,G4,P19,3/9/2021,14903,136,1656,70% Dark Bites,Bites,SMALL,4.97
SP17,G4,P12,3/9/2021,5390,482,318,Fruit & Nut Bars,Bars,LARGE,1.58
SP09,G5,P03,3/9/2021,553,105,27,Almond Choco,Bars,LARGE,9.6
SP23,G6,P10,3/9/2021,7266,70,346,Spicy Special Slims,Bites,LARGE,5.79
SP14,G4,P05,3/9/2021,8792,32,419,Mint Chip Choco,Bars,LARGE,1.54
SP05,G1,P04,3/9/2021,8967,154,561,Raspberry Choco,Bars,LARGE,4.09
SP24,G1,P13,3/9/2021,3661,269,167,85% Dark Bars,Bars,SMALL,0.64
SP13,G4,P19,3/10/2021,1344,8,112,70% Dark Bites,Bites,SMALL,4.97
SP15,G5,P09,3/10/2021,10262,168,856,Orange Choco,Bars,LARGE,7.14
SP03,G1,P05,3/10/2021,4480,128,264,Mint Chip Choco,Bars,LARGE,1.54
SP21,G4,P22,3/10/2021,7784,100,300,Peanut Butter Cubes,Bites,SMALL,3.57
SP01,G2,P17,3/10/2021,19054,178,658,Caramel Stuffed Bars,Bars,SMALL,0.54
SP17,G4,P08,3/10/2021,23268,80,1058,99% Dark & Pure,Bars,LARGE,2.47
SP08,G1,P06,3/11/2021,3885,242,195,Eclairs,Bites,LARGE,2.24
SP17,G6,P06,3/11/2021,7147,225,477,Eclairs,Bites,LARGE,2.24
SP19,G1,P16,3/11/2021,4571,62,164,Organic Choco Syrup,Other,SMALL,1.47
SP23,G5,P20,3/11/2021,7973,80,614,Smooth Sliky Salty,Bars,SMALL,2.97
SP07,G6,P01,3/11/2021,6055,213,202,Milk Bars,Bars,LARGE,1.52
SP09,G4,P03,3/11/2021,847,213,43,Almond Choco,Bars,LARGE,9.6
SP08,G4,P09,3/11/2021,4914,147,702,Orange Choco,Bars,LARGE,7.14
SP02,G5,P08,3/11/2021,1358,204,76,99% Dark & Pure,Bars,LARGE,2.47
SP01,G4,P17,3/11/2021,1428,387,50,Caramel Stuffed Bars,Bars,SMALL,0.54
SP14,G2,P22,3/11/2021,8764,50,439,Peanut Butter Cubes,Bites,SMALL,3.57
SP25,G5,P03,3/11/2021,10472,107,456,Almond Choco,Bars,LARGE,9.6
SP22,G6,P10,3/11/2021,1960,65,70,Spicy Special Slims,Bites,LARGE,5.79
SP03,G3,P06,3/11/2021,10171,69,536,Eclairs,Bites,LARGE,2.24
SP04,G3,P15,3/11/2021,8253,13,551,Baker's Choco Chips,Bars,SMALL,3.4
SP01,G1,P16,3/11/2021,9534,86,367,Organic Choco Syrup,Other,SMALL,1.47
SP19,G3,P08,3/11/2021,5936,199,350,99% Dark & Pure,Bars,LARGE,2.47
SP01,G6,P06,3/12/2021,154,172,8,Eclairs,Bites,LARGE,2.24
SP08,G4,P18,3/12/2021,5663,155,196,Manuka Honey Choco,Other,SMALL,4.75
SP09,G6,P15,3/12/2021,11298,14,1256,Baker's Choco Chips,Bars,SMALL,3.4
SP19,G3,P01,3/12/2021,1309,237,49,Milk Bars,Bars,LARGE,1.52
SP03,G6,P06,3/12/2021,3815,258,212,Eclairs,Bites,LARGE,2.24
SP23,G5,P07,3/12/2021,385,227,16,Drinking Coco,Other,LARGE,1.62
SP18,G2,P22,3/12/2021,315,232,15,Peanut Butter Cubes,Bites,SMALL,3.57
SP06,G1,P22,3/12/2021,11823,453,657,Peanut Butter Cubes,Bites,SMALL,3.57
SP03,G5,P07,3/12/2021,2891,205,108,Drinking Coco,Other,LARGE,1.62
SP22,G6,P05,3/12/2021,5278,54,264,Mint Chip Choco,Bars,LARGE,1.54
SP20,G6,P10,3/12/2021,8036,118,335,Spicy Special Slims,Bites,LARGE,5.79
SP21,G6,P22,3/12/2021,2940,142,128,Peanut Butter Cubes,Bites,SMALL,3.57
SP02,G1,P22,3/12/2021,8309,232,333,Peanut Butter Cubes,Bites,SMALL,3.57
SP12,G1,P07,3/12/2021,1820,18,63,Drinking Coco,Other,LARGE,1.62
SP08,G2,P09,3/12/2021,1393,153,127,Orange Choco,Bars,LARGE,7.14
SP02,G4,P18,3/12/2021,6440,235,215,Manuka Honey Choco,Other,SMALL,4.75
SP07,G6,P16,3/12/2021,2275,359,99,Organic Choco Syrup,Other,SMALL,1.47
SP01,G6,P10,3/12/2021,3941,209,180,Spicy Special Slims,Bites,LARGE,5.79
SP23,G6,P19,3/12/2021,49,78,4,70% Dark Bites,Bites,SMALL,4.97
SP18,G2,P03,3/12/2021,3346,122,168,Almond Choco,Bars,LARGE,9.6
SP14,G1,P14,3/15/2021,4592,445,511,White Choc,Other,SMALL,0.16
SP21,G5,P12,3/15/2021,8862,152,522,Fruit & Nut Bars,Bars,LARGE,1.58
SP22,G4,P06,3/15/2021,9590,133,640,Eclairs,Bites,LARGE,2.24
SP04,G2,P13,3/15/2021,7175,47,359,85% Dark Bars,Bars,SMALL,0.64
SP11,G1,P10,3/15/2021,2534,119,91,Spicy Special Slims,Bites,LARGE,5.79
SP02,G1,P06,3/15/2021,1162,3,62,Eclairs,Bites,LARGE,2.24
SP10,G3,P05,3/15/2021,7042,173,470,Mint Chip Choco,Bars,LARGE,1.54
SP06,G1,P20,3/15/2021,7392,111,493,Smooth Sliky Salty,Bars,SMALL,2.97
SP24,G3,P05,3/15/2021,371,191,20,Mint Chip Choco,Bars,LARGE,1.54
SP23,G4,P06,3/16/2021,7728,151,368,Eclairs,Bites,LARGE,2.24
SP20,G5,P18,3/16/2021,518,223,21,Manuka Honey Choco,Other,SMALL,4.75
SP08,G1,P07,3/16/2021,8547,112,317,Drinking Coco,Other,LARGE,1.62
SP15,G5,P05,3/16/2021,4018,34,192,Mint Chip Choco,Bars,LARGE,1.54
SP21,G4,P17,3/16/2021,6118,203,266,Caramel Stuffed Bars,Bars,SMALL,0.54
SP12,G4,P11,3/16/2021,1582,119,55,After Nines,Bites,LARGE,4.43
SP23,G4,P13,3/16/2021,3626,309,214,85% Dark Bars,Bars,SMALL,0.64
SP18,G3,P11,3/16/2021,8981,152,360,After Nines,Bites,LARGE,4.43
SP08,G2,P19,3/16/2021,3304,306,255,70% Dark Bites,Bites,SMALL,4.97
SP03,G6,P11,3/16/2021,6076,74,196,After Nines,Bites,LARGE,4.43
SP04,G1,P15,3/16/2021,12530,134,964,Baker's Choco Chips,Bars,SMALL,3.4
SP02,G2,P20,3/16/2021,3675,273,283,Smooth Sliky Salty,Bars,SMALL,2.97
SP15,G6,P04,3/16/2021,434,152,28,Raspberry Choco,Bars,LARGE,4.09
SP10,G1,P20,3/16/2021,5509,16,307,Smooth Sliky Salty,Bars,SMALL,2.97
SP01,G1,P21,3/16/2021,10843,228,517,Choco Coated Almonds,Bites,SMALL,6.17
SP01,G3,P09,3/16/2021,7623,88,587,Orange Choco,Bars,LARGE,7.14
SP01,G3,P12,3/16/2021,7623,152,636,Fruit & Nut Bars,Bars,LARGE,1.58
SP01,G3,P10,3/17/2021,6573,185,313,Spicy Special Slims,Bites,LARGE,5.79
SP05,G1,P14,3/17/2021,2520,95,149,White Choc,Other,SMALL,0.16
SP04,G1,P21,3/17/2021,910,14,54,Choco Coated Almonds,Bites,SMALL,6.17
SP24,G2,P19,3/17/2021,5397,8,416,70% Dark Bites,Bites,SMALL,4.97
SP16,G3,P16,3/17/2021,4263,464,158,Organic Choco Syrup,Other,SMALL,1.47
SP19,G6,P17,3/17/2021,7637,114,273,Caramel Stuffed Bars,Bars,SMALL,0.54
SP11,G3,P13,3/17/2021,15239,156,953,85% Dark Bars,Bars,SMALL,0.64
SP23,G2,P08,3/17/2021,7840,81,392,99% Dark & Pure,Bars,LARGE,2.47
SP16,G3,P18,3/17/2021,1302,298,51,Manuka Honey Choco,Other,SMALL,4.75
SP16,G2,P17,3/17/2021,3192,459,128,Caramel Stuffed Bars,Bars,SMALL,0.54
SP23,G4,P16,3/17/2021,4312,79,188,Organic Choco Syrup,Other,SMALL,1.47
SP18,G2,P16,3/17/2021,6258,49,224,Organic Choco Syrup,Other,SMALL,1.47
SP05,G2,P22,3/17/2021,7931,257,418,Peanut Butter Cubes,Bites,SMALL,3.57
SP19,G3,P22,3/17/2021,2576,67,129,Peanut Butter Cubes,Bites,SMALL,3.57
SP03,G1,P17,3/17/2021,623,224,22,Caramel Stuffed Bars,Bars,SMALL,0.54
SP20,G6,P17,3/17/2021,7567,254,292,Caramel Stuffed Bars,Bars,SMALL,0.54
SP13,G1,P22,3/18/2021,6363,179,266,Peanut Butter Cubes,Bites,SMALL,3.57
SP02,G3,P22,3/18/2021,1645,97,75,Peanut Butter Cubes,Bites,SMALL,3.57
SP25,G3,P19,3/18/2021,12740,72,980,70% Dark Bites,Bites,SMALL,4.97
SP12,G3,P20,3/18/2021,6755,504,483,Smooth Sliky Salty,Bars,SMALL,2.97
SP15,G1,P12,3/18/2021,13321,119,833,Fruit & Nut Bars,Bars,LARGE,1.58
SP09,G5,P21,3/18/2021,1078,41,57,Choco Coated Almonds,Bites,SMALL,6.17
SP14,G3,P08,3/18/2021,13104,77,624,99% Dark & Pure,Bars,LARGE,2.47
SP07,G3,P18,3/18/2021,10241,74,366,Manuka Honey Choco,Other,SMALL,4.75
SP19,G6,P13,3/19/2021,1904,316,112,85% Dark Bars,Bars,SMALL,0.64
SP15,G3,P20,3/19/2021,4116,89,217,Smooth Sliky Salty,Bars,SMALL,2.97
SP09,G3,P10,3/19/2021,1302,24,55,Spicy Special Slims,Bites,LARGE,5.79
SP03,G3,P10,3/19/2021,4606,186,210,Spicy Special Slims,Bites,LARGE,5.79
SP25,G1,P06,3/19/2021,8526,153,569,Eclairs,Bites,LARGE,2.24
SP19,G3,P17,3/22/2021,13832,187,577,Caramel Stuffed Bars,Bars,SMALL,0.54
SP03,G6,P17,3/22/2021,10962,24,392,Caramel Stuffed Bars,Bars,SMALL,0.54
SP04,G1,P05,3/22/2021,5383,212,317,Mint Chip Choco,Bars,LARGE,1.54
SP25,G5,P15,3/22/2021,2856,138,179,Baker's Choco Chips,Bars,SMALL,3.4
SP19,G2,P16,3/22/2021,2954,143,96,Organic Choco Syrup,Other,SMALL,1.47
SP05,G2,P10,3/22/2021,14385,230,600,Spicy Special Slims,Bites,LARGE,5.79
SP10,G6,P06,3/22/2021,10346,88,647,Eclairs,Bites,LARGE,2.24
SP24,G1,P20,3/22/2021,1568,199,83,Smooth Sliky Salty,Bars,SMALL,2.97
SP11,G6,P16,3/22/2021,3682,152,148,Organic Choco Syrup,Other,SMALL,1.47
SP02,G1,P11,3/22/2021,5544,162,185,After Nines,Bites,LARGE,4.43
SP02,G2,P11,3/22/2021,252,48,10,After Nines,Bites,LARGE,4.43
SP06,G3,P08,3/22/2021,6230,68,271,99% Dark & Pure,Bars,LARGE,2.47
SP15,G4,P11,3/23/2021,3724,37,129,After Nines,Bites,LARGE,4.43
SP02,G4,P12,3/23/2021,5544,59,427,Fruit & Nut Bars,Bars,LARGE,1.58
SP01,G6,P04,3/23/2021,8624,54,392,Raspberry Choco,Bars,LARGE,4.09
SP17,G1,P02,3/23/2021,4627,135,515,50% Dark Bites,Bites,LARGE,2.57
SP01,G5,P12,3/23/2021,13237,374,1019,Fruit & Nut Bars,Bars,LARGE,1.58
SP08,G3,P05,3/23/2021,3143,298,158,Mint Chip Choco,Bars,LARGE,1.54
SP22,G3,P16,3/23/2021,8631,83,376,Organic Choco Syrup,Other,SMALL,1.47
SP06,G3,P21,3/23/2021,4886,343,288,Choco Coated Almonds,Bites,SMALL,6.17
SP18,G4,P03,3/23/2021,5012,71,295,Almond Choco,Bars,LARGE,9.6
SP20,G2,P05,3/23/2021,7847,353,462,Mint Chip Choco,Bars,LARGE,1.54
SP01,G3,P02,3/24/2021,2709,203,301,50% Dark Bites,Bites,LARGE,2.57
SP20,G6,P01,3/24/2021,8918,295,372,Milk Bars,Bars,LARGE,1.52
SP02,G6,P17,3/24/2021,11942,436,543,Caramel Stuffed Bars,Bars,SMALL,0.54
SP08,G6,P19,3/24/2021,19173,42,1279,70% Dark Bites,Bites,SMALL,4.97
SP16,G1,P17,3/24/2021,2590,209,87,Caramel Stuffed Bars,Bars,SMALL,0.54
SP16,G4,P04,3/24/2021,2555,73,160,Raspberry Choco,Bars,LARGE,4.09
SP10,G5,P05,3/24/2021,861,80,46,Mint Chip Choco,Bars,LARGE,1.54
SP07,G5,P17,3/24/2021,11956,282,544,Caramel Stuffed Bars,Bars,SMALL,0.54
SP07,G4,P19,3/24/2021,8589,226,661,70% Dark Bites,Bites,SMALL,4.97
SP05,G6,P22,3/24/2021,6496,196,361,Peanut Butter Cubes,Bites,SMALL,3.57
SP20,G3,P01,3/24/2021,5299,203,204,Milk Bars,Bars,LARGE,1.52
SP13,G6,P21,3/24/2021,4858,174,324,Choco Coated Almonds,Bites,SMALL,6.17
SP15,G4,P08,3/24/2021,357,204,19,99% Dark & Pure,Bars,LARGE,2.47
SP08,G1,P02,3/24/2021,5264,182,405,50% Dark Bites,Bites,LARGE,2.57
SP09,G5,P10,3/24/2021,7896,83,304,Spicy Special Slims,Bites,LARGE,5.79
SP05,G2,P15,3/24/2021,9548,173,796,Baker's Choco Chips,Bars,SMALL,3.4
SP08,G5,P04,3/24/2021,3024,240,178,Raspberry Choco,Bars,LARGE,4.09
SP17,G4,P01,3/24/2021,12257,365,409,Milk Bars,Bars,LARGE,1.52
SP05,G3,P01,3/24/2021,5327,2,184,Milk Bars,Bars,LARGE,1.52
SP18,G6,P11,3/24/2021,784,208,33,After Nines,Bites,LARGE,4.43
SP08,G6,P13,3/25/2021,5824,248,278,85% Dark Bars,Bars,SMALL,0.64
SP25,G4,P22,3/25/2021,11354,119,494,Peanut Butter Cubes,Bites,SMALL,3.57
SP11,G3,P15,3/25/2021,7245,185,725,Baker's Choco Chips,Bars,SMALL,3.4
SP16,G4,P12,3/25/2021,2870,480,160,Fruit & Nut Bars,Bars,LARGE,1.58
SP25,G4,P09,3/25/2021,721,191,91,Orange Choco,Bars,LARGE,7.14
SP04,G2,P01,3/25/2021,1274,197,42,Milk Bars,Bars,LARGE,1.52
SP15,G6,P03,3/25/2021,12187,266,717,Almond Choco,Bars,LARGE,9.6
SP19,G4,P05,3/25/2021,17969,77,899,Mint Chip Choco,Bars,LARGE,1.54
SP19,G5,P17,3/25/2021,2471,174,103,Caramel Stuffed Bars,Bars,SMALL,0.54
SP13,G6,P13,3/25/2021,2296,52,100,85% Dark Bars,Bars,SMALL,0.64
SP21,G4,P03,3/25/2021,10801,35,636,Almond Choco,Bars,LARGE,9.6
SP01,G5,P07,3/25/2021,3031,49,117,Drinking Coco,Other,LARGE,1.62
SP01,G2,P12,3/25/2021,112,252,11,Fruit & Nut Bars,Bars,LARGE,1.58
SP03,G5,P17,3/25/2021,329,130,14,Caramel Stuffed Bars,Bars,SMALL,0.54
SP03,G4,P12,3/25/2021,9590,154,600,Fruit & Nut Bars,Bars,LARGE,1.58
SP09,G3,P07,3/25/2021,3220,209,115,Drinking Coco,Other,LARGE,1.62
SP04,G1,P11,3/25/2021,9660,106,358,After Nines,Bites,LARGE,4.43
SP08,G1,P14,3/25/2021,9737,184,886,White Choc,Other,SMALL,0.16
SP05,G6,P15,3/25/2021,3899,199,488,Baker's Choco Chips,Bars,SMALL,3.4
SP10,G6,P18,3/26/2021,1477,58,48,Manuka Honey Choco,Other,SMALL,4.75
SP15,G5,P10,3/26/2021,4242,324,152,Spicy Special Slims,Bites,LARGE,5.79
SP25,G2,P19,3/26/2021,8946,163,895,70% Dark Bites,Bites,SMALL,4.97
SP25,G1,P09,3/26/2021,14504,150,1813,Orange Choco,Bars,LARGE,7.14
SP15,G4,P18,3/26/2021,6433,130,202,Manuka Honey Choco,Other,SMALL,4.75
SP06,G3,P11,3/26/2021,9261,143,343,After Nines,Bites,LARGE,4.43
SP20,G4,P13,3/26/2021,756,71,38,85% Dark Bars,Bars,SMALL,0.64
SP03,G2,P15,3/26/2021,4018,10,447,Baker's Choco Chips,Bars,SMALL,3.4
SP12,G5,P08,3/26/2021,168,281,9,99% Dark & Pure,Bars,LARGE,2.47
SP03,G3,P17,3/26/2021,4004,16,149,Caramel Stuffed Bars,Bars,SMALL,0.54
SP13,G5,P08,3/26/2021,6272,133,299,99% Dark & Pure,Bars,LARGE,2.47
SP08,G1,P19,3/26/2021,5215,87,348,70% Dark Bites,Bites,SMALL,4.97
SP03,G4,P10,3/26/2021,3094,21,148,Spicy Special Slims,Bites,LARGE,5.79
SP21,G5,P08,3/26/2021,9324,171,583,99% Dark & Pure,Bars,LARGE,2.47
SP23,G6,P16,3/26/2021,20447,78,758,Organic Choco Syrup,Other,SMALL,1.47
SP07,G1,P15,3/26/2021,14189,19,1183,Baker's Choco Chips,Bars,SMALL,3.4
SP13,G1,P20,3/26/2021,6503,231,434,Smooth Sliky Salty,Bars,SMALL,2.97
SP06,G2,P12,3/26/2021,2212,24,202,Fruit & Nut Bars,Bars,LARGE,1.58
SP11,G4,P21,3/26/2021,2975,45,142,Choco Coated Almonds,Bites,SMALL,6.17
SP14,G2,P14,3/29/2021,4788,217,342,White Choc,Other,SMALL,0.16
SP13,G2,P14,3/29/2021,9604,201,565,White Choc,Other,SMALL,0.16
SP21,G4,P07,3/29/2021,616,181,24,Drinking Coco,Other,LARGE,1.62
SP20,G2,P02,3/29/2021,7644,4,695,50% Dark Bites,Bites,LARGE,2.57
SP07,G1,P02,3/29/2021,4193,153,263,50% Dark Bites,Bites,LARGE,2.57
SP18,G5,P05,3/29/2021,6132,183,307,Mint Chip Choco,Bars,LARGE,1.54
SP20,G4,P20,3/29/2021,7896,302,376,Smooth Sliky Salty,Bars,SMALL,2.97
SP22,G4,P16,3/29/2021,2576,332,96,Organic Choco Syrup,Other,SMALL,1.47
SP13,G1,P04,3/29/2021,2821,197,157,Raspberry Choco,Bars,LARGE,4.09
SP07,G5,P11,3/29/2021,12103,88,485,After Nines,Bites,LARGE,4.43
SP02,G3,P20,3/29/2021,5271,330,377,Smooth Sliky Salty,Bars,SMALL,2.97
SP12,G2,P15,3/29/2021,5117,66,512,Baker's Choco Chips,Bars,SMALL,3.4
SP08,G6,P09,3/30/2021,4767,232,434,Orange Choco,Bars,LARGE,7.14
SP04,G1,P17,3/30/2021,20076,29,670,Caramel Stuffed Bars,Bars,SMALL,0.54
SP25,G4,P06,3/30/2021,2583,206,185,Eclairs,Bites,LARGE,2.24
SP20,G4,P09,3/30/2021,14210,39,2030,Orange Choco,Bars,LARGE,7.14
SP01,G3,P15,3/30/2021,4403,25,315,Baker's Choco Chips,Bars,SMALL,3.4
SP03,G5,P10,3/30/2021,12985,279,619,Spicy Special Slims,Bites,LARGE,5.79
SP14,G3,P13,3/30/2021,1358,63,68,85% Dark Bars,Bars,SMALL,0.64
SP01,G1,P15,3/30/2021,203,330,19,Baker's Choco Chips,Bars,SMALL,3.4
SP06,G5,P06,3/30/2021,1281,275,99,Eclairs,Bites,LARGE,2.24
SP22,G5,P16,3/30/2021,13475,119,539,Organic Choco Syrup,Other,SMALL,1.47
SP19,G6,P14,3/30/2021,1547,200,119,White Choc,Other,SMALL,0.16
SP04,G1,P03,3/31/2021,6013,217,317,Almond Choco,Bars,LARGE,9.6
SP20,G5,P19,3/31/2021,10703,21,1071,70% Dark Bites,Bites,SMALL,4.97
SP10,G3,P11,3/31/2021,7630,236,306,After Nines,Bites,LARGE,4.43
SP21,G2,P06,3/31/2021,5369,251,384,Eclairs,Bites,LARGE,2.24
SP03,G5,P21,3/31/2021,7917,115,360,Choco Coated Almonds,Bites,SMALL,6.17
SP02,G5,P06,3/31/2021,259,116,17,Eclairs,Bites,LARGE,2.24
SP10,G2,P16,4/1/2021,3115,22,112,Organic Choco Syrup,Other,SMALL,1.47
SP14,G6,P06,4/1/2021,10731,117,537,Eclairs,Bites,LARGE,2.24
SP18,G6,P06,4/1/2021,2352,21,181,Eclairs,Bites,LARGE,2.24
SP03,G2,P08,4/1/2021,5138,51,303,99% Dark & Pure,Bars,LARGE,2.47
SP17,G1,P09,4/1/2021,1428,194,102,Orange Choco,Bars,LARGE,7.14
SP07,G5,P13,4/1/2021,3598,17,157,85% Dark Bars,Bars,SMALL,0.64
SP04,G5,P06,4/1/2021,10528,21,555,Eclairs,Bites,LARGE,2.24
SP15,G3,P11,4/2/2021,2100,242,70,After Nines,Bites,LARGE,4.43
SP21,G1,P01,4/2/2021,6797,218,262,Milk Bars,Bars,LARGE,1.52
SP14,G2,P17,4/2/2021,6202,52,249,Caramel Stuffed Bars,Bars,SMALL,0.54
SP05,G5,P01,4/2/2021,8001,4,348,Milk Bars,Bars,LARGE,1.52
SP08,G2,P05,4/2/2021,13832,294,814,Mint Chip Choco,Bars,LARGE,1.54
SP13,G2,P19,4/2/2021,1568,181,121,70% Dark Bites,Bites,SMALL,4.97
SP13,G6,P07,4/2/2021,3129,127,112,Drinking Coco,Other,LARGE,1.62
SP05,G5,P11,4/2/2021,6944,2,278,After Nines,Bites,LARGE,4.43
SP14,G6,P16,4/2/2021,7672,17,265,Organic Choco Syrup,Other,SMALL,1.47
SP08,G6,P08,4/2/2021,4137,200,197,99% Dark & Pure,Bars,LARGE,2.47
SP14,G2,P03,4/2/2021,1365,155,72,Almond Choco,Bars,LARGE,9.6
SP12,G4,P04,4/2/2021,7238,381,453,Raspberry Choco,Bars,LARGE,4.09
SP14,G4,P03,4/2/2021,10500,355,457,Almond Choco,Bars,LARGE,9.6
SP18,G2,P20,4/2/2021,6790,129,453,Smooth Sliky Salty,Bars,SMALL,2.97
SP14,G1,P19,4/2/2021,7203,63,515,70% Dark Bites,Bites,SMALL,4.97
SP22,G1,P15,4/2/2021,6202,86,443,Baker's Choco Chips,Bars,SMALL,3.4
SP02,G2,P14,4/5/2021,8351,1,696,White Choc,Other,SMALL,0.16
SP24,G1,P19,4/5/2021,980,437,109,70% Dark Bites,Bites,SMALL,4.97
SP11,G5,P13,4/5/2021,12908,182,562,85% Dark Bars,Bars,SMALL,0.64
SP09,G3,P19,4/5/2021,4473,302,320,70% Dark Bites,Bites,SMALL,4.97
SP04,G1,P18,4/6/2021,3066,155,93,Manuka Honey Choco,Other,SMALL,4.75
SP16,G1,P07,4/6/2021,4053,329,177,Drinking Coco,Other,LARGE,1.62
SP04,G6,P08,4/6/2021,3024,155,152,99% Dark & Pure,Bars,LARGE,2.47
SP13,G5,P16,4/7/2021,2100,147,68,Organic Choco Syrup,Other,SMALL,1.47
SP20,G5,P10,4/7/2021,2555,156,112,Spicy Special Slims,Bites,LARGE,5.79
SP09,G6,P16,4/7/2021,6559,208,243,Organic Choco Syrup,Other,SMALL,1.47
SP19,G3,P06,4/7/2021,8176,183,390,Eclairs,Bites,LARGE,2.24
SP04,G6,P03,4/7/2021,17675,197,884,Almond Choco,Bars,LARGE,9.6
SP18,G5,P15,4/7/2021,11004,175,1223,Baker's Choco Chips,Bars,SMALL,3.4
SP25,G4,P01,4/7/2021,2233,292,77,Milk Bars,Bars,LARGE,1.52
SP05,G2,P01,4/7/2021,16359,14,712,Milk Bars,Bars,LARGE,1.52
SP06,G6,P19,4/7/2021,3192,21,228,70% Dark Bites,Bites,SMALL,4.97
SP14,G3,P06,4/7/2021,5313,275,380,Eclairs,Bites,LARGE,2.24
SP19,G3,P04,4/7/2021,1841,223,97,Raspberry Choco,Bars,LARGE,4.09
SP02,G6,P10,4/7/2021,9884,13,396,Spicy Special Slims,Bites,LARGE,5.79
SP04,G4,P14,4/7/2021,3066,268,205,White Choc,Other,SMALL,0.16
SP09,G3,P18,4/7/2021,11207,254,362,Manuka Honey Choco,Other,SMALL,4.75
SP11,G1,P02,4/7/2021,6321,86,452,50% Dark Bites,Bites,LARGE,2.57
SP10,G1,P09,4/7/2021,5299,62,663,Orange Choco,Bars,LARGE,7.14
SP02,G5,P21,4/8/2021,11578,63,552,Choco Coated Almonds,Bites,SMALL,6.17
SP25,G1,P08,4/8/2021,4298,201,239,99% Dark & Pure,Bars,LARGE,2.47
SP16,G5,P15,4/8/2021,9548,17,682,Baker's Choco Chips,Bars,SMALL,3.4
SP10,G4,P10,4/8/2021,5663,25,236,Spicy Special Slims,Bites,LARGE,5.79
SP10,G6,P10,4/8/2021,329,260,15,Spicy Special Slims,Bites,LARGE,5.79
SP10,G4,P05,4/8/2021,9275,165,489,Mint Chip Choco,Bars,LARGE,1.54
SP12,G5,P11,4/8/2021,77,133,3,After Nines,Bites,LARGE,4.43
SP10,G1,P04,4/8/2021,4256,110,224,Raspberry Choco,Bars,LARGE,4.09
SP23,G6,P03,4/9/2021,4018,413,237,Almond Choco,Bars,LARGE,9.6
SP15,G6,P05,4/9/2021,6699,138,479,Mint Chip Choco,Bars,LARGE,1.54
SP24,G2,P13,4/9/2021,4571,17,241,85% Dark Bars,Bars,SMALL,0.64
SP05,G5,P13,4/9/2021,4193,79,200,85% Dark Bars,Bars,SMALL,0.64
SP18,G2,P09,4/9/2021,392,175,28,Orange Choco,Bars,LARGE,7.14
SP11,G6,P03,4/9/2021,3192,18,146,Almond Choco,Bars,LARGE,9.6
SP05,G3,P22,4/9/2021,154,48,7,Peanut Butter Cubes,Bites,SMALL,3.57
SP06,G6,P07,4/9/2021,5502,112,212,Drinking Coco,Other,LARGE,1.62
SP14,G6,P09,4/9/2021,4389,365,439,Orange Choco,Bars,LARGE,7.14
SP08,G5,P08,4/9/2021,12215,120,764,99% Dark & Pure,Bars,LARGE,2.47
SP13,G6,P09,4/9/2021,1960,50,140,Orange Choco,Bars,LARGE,7.14
SP23,G1,P12,4/9/2021,994,389,77,Fruit & Nut Bars,Bars,LARGE,1.58
SP19,G4,P10,4/9/2021,3731,41,150,Spicy Special Slims,Bites,LARGE,5.79
SP22,G2,P22,4/12/2021,11851,45,456,Peanut Butter Cubes,Bites,SMALL,3.57
SP18,G4,P18,4/12/2021,7798,77,289,Manuka Honey Choco,Other,SMALL,4.75
SP10,G4,P08,4/12/2021,658,82,32,99% Dark & Pure,Bars,LARGE,2.47
SP18,G1,P15,4/12/2021,18963,191,1355,Baker's Choco Chips,Bars,SMALL,3.4
SP10,G1,P08,4/12/2021,574,383,34,99% Dark & Pure,Bars,LARGE,2.47
SP12,G3,P18,4/12/2021,763,47,28,Manuka Honey Choco,Other,SMALL,4.75
SP16,G3,P02,4/12/2021,1295,218,108,50% Dark Bites,Bites,LARGE,2.57
SP12,G2,P10,4/12/2021,1281,349,61,Spicy Special Slims,Bites,LARGE,5.79
SP19,G3,P15,4/12/2021,6657,364,606,Baker's Choco Chips,Bars,SMALL,3.4
SP16,G3,P05,4/12/2021,1533,129,110,Mint Chip Choco,Bars,LARGE,1.54
SP21,G6,P08,4/12/2021,2534,36,121,99% Dark & Pure,Bars,LARGE,2.47
SP23,G2,P14,4/12/2021,3808,74,224,White Choc,Other,SMALL,0.16
SP09,G4,P08,4/12/2021,7637,90,425,99% Dark & Pure,Bars,LARGE,2.47
SP12,G3,P02,4/13/2021,5397,37,416,50% Dark Bites,Bites,LARGE,2.57
SP01,G5,P16,4/13/2021,5649,97,202,Organic Choco Syrup,Other,SMALL,1.47
SP20,G3,P07,4/13/2021,2996,136,116,Drinking Coco,Other,LARGE,1.62
SP04,G5,P16,4/13/2021,2247,351,87,Organic Choco Syrup,Other,SMALL,1.47
SP09,G2,P09,4/13/2021,1092,136,84,Orange Choco,Bars,LARGE,7.14
SP13,G1,P05,4/13/2021,4368,23,292,Mint Chip Choco,Bars,LARGE,1.54
SP01,G3,P14,4/13/2021,868,90,87,White Choc,Other,SMALL,0.16
SP07,G2,P01,4/13/2021,8729,35,364,Milk Bars,Bars,LARGE,1.52
SP13,G2,P08,4/13/2021,2065,17,130,99% Dark & Pure,Bars,LARGE,2.47
SP07,G4,P08,4/13/2021,6293,48,274,99% Dark & Pure,Bars,LARGE,2.47
SP05,G4,P19,4/13/2021,7602,247,761,70% Dark Bites,Bites,SMALL,4.97
SP16,G3,P03,4/13/2021,10150,223,598,Almond Choco,Bars,LARGE,9.6
SP10,G6,P03,4/13/2021,11081,311,739,Almond Choco,Bars,LARGE,9.6
SP14,G2,P04,4/13/2021,588,41,27,Raspberry Choco,Bars,LARGE,4.09
SP22,G6,P19,4/13/2021,3710,129,413,70% Dark Bites,Bites,SMALL,4.97
SP24,G4,P04,4/14/2021,371,121,27,Raspberry Choco,Bars,LARGE,4.09
SP21,G4,P13,4/14/2021,2254,69,119,85% Dark Bars,Bars,SMALL,0.64
SP12,G5,P22,4/14/2021,2345,70,112,Peanut Butter Cubes,Bites,SMALL,3.57
SP01,G5,P02,4/14/2021,18473,6,2053,50% Dark Bites,Bites,LARGE,2.57
SP04,G2,P16,4/14/2021,1680,26,58,Organic Choco Syrup,Other,SMALL,1.47
SP17,G2,P13,4/14/2021,4508,16,215,85% Dark Bars,Bars,SMALL,0.64
SP02,G5,P04,4/15/2021,8463,284,385,Raspberry Choco,Bars,LARGE,4.09
SP19,G1,P15,4/15/2021,931,269,117,Baker's Choco Chips,Bars,SMALL,3.4
